snapped_at,price,market_cap,total_volume,type
2020-04-11 00:00:00 UTC,0.957605828,7827651.893,92672667.43,SOL
2020-04-12 00:00:00 UTC,0.784711315,6173607.678,49458692.88,SOL
2020-04-13 00:00:00 UTC,0.875994407,7269680.447,37821009.96,SOL
2020-04-14 00:00:00 UTC,0.786712195,6302364.151,19579214.89,SOL
2020-04-15 00:00:00 UTC,0.666673391,5306221.066,17523533.05,SOL
2020-04-16 00:00:00 UTC,0.637621067,5114653.933,12659541.41,SOL
2020-04-17 00:00:00 UTC,0.692333125,5505929.487,23132895.91,SOL
2020-04-18 00:00:00 UTC,0.657449398,5348323.975,10227034.75,SOL
2020-04-19 00:00:00 UTC,0.676972185,5423066.286,10199318.16,SOL
2020-04-20 00:00:00 UTC,0.609435839,4844617.211,9789186.731,SOL
2020-04-21 00:00:00 UTC,0.534790494,4285479.155,8763891.031,SOL
2020-04-22 00:00:00 UTC,0.572826921,4591546.761,9610841.993,SOL
2020-04-23 00:00:00 UTC,0.68488722,5446538.174,18146790.14,SOL
2020-04-24 00:00:00 UTC,0.621703279,4909586.999,13659849.49,SOL
2020-04-25 00:00:00 UTC,0.62276509,5027193.62,8959427.14,SOL
2020-04-26 00:00:00 UTC,0.647090318,5173619.233,7324961.274,SOL
2020-04-27 00:00:00 UTC,0.639862804,5137791.331,8493459.048,SOL
2020-04-28 00:00:00 UTC,0.568315481,4616001.375,7534010.521,SOL
2020-04-29 00:00:00 UTC,0.657428321,5283691.351,7387289.032,SOL
2020-04-30 00:00:00 UTC,0.741189014,5897415.537,8964597.271,SOL
2020-05-01 00:00:00 UTC,0.693089721,5635423.506,5182978.538,SOL
2020-05-02 00:00:00 UTC,0.716953932,5735879.9,4174109.643,SOL
2020-05-03 00:00:00 UTC,0.712437893,5669404.17,3457574.557,SOL
2020-05-04 00:00:00 UTC,0.686609817,5486412.386,3375393.73,SOL
2020-05-05 00:00:00 UTC,0.672829741,5354861.584,3467483.257,SOL
2020-05-06 00:00:00 UTC,0.650308149,5195811.629,2903980.857,SOL
2020-05-07 00:00:00 UTC,0.619400358,5010066.055,2715223.288,SOL
2020-05-08 00:00:00 UTC,0.60893989,4874818.722,3385522.017,SOL
2020-05-09 00:00:00 UTC,0.608939662,4827334.908,2493703.559,SOL
2020-05-10 00:00:00 UTC,0.601791796,4816707.909,2126230.152,SOL
2020-05-11 00:00:00 UTC,0.541777929,4324416.949,2370841.723,SOL
2020-05-12 00:00:00 UTC,0.513923496,4171226.299,2113480.526,SOL
2020-05-13 00:00:00 UTC,0.533342654,4266741.231,2182277.412,SOL
2020-05-14 00:00:00 UTC,0.553319102,4413742.898,2337721.383,SOL
2020-05-15 00:00:00 UTC,0.574281422,4570789.918,548910.1111,SOL
2020-05-16 00:00:00 UTC,0.556434196,4432087.509,1837728.915,SOL
2020-05-17 00:00:00 UTC,0.598966111,4752035.386,2286736.275,SOL
2020-05-18 00:00:00 UTC,0.615933745,4898008.358,2950437.821,SOL
2020-05-19 00:00:00 UTC,0.647734445,5213969.634,3280890.996,SOL
2020-05-20 00:00:00 UTC,0.621935751,4996233.199,2375972.614,SOL
2020-05-21 00:00:00 UTC,0.579585935,4629608.83,2306268.656,SOL
2020-05-22 00:00:00 UTC,0.605566098,4853042.595,2791803.411,SOL
2020-05-23 00:00:00 UTC,0.614983226,4919865.807,3449950.87,SOL
2020-05-24 00:00:00 UTC,0.608220171,4866957.615,2624526.458,SOL
2020-05-25 00:00:00 UTC,0.546574172,4374843.16,2831384.624,SOL
2020-05-26 00:00:00 UTC,0.602230411,4809730.18,4453912.365,SOL
2020-05-27 00:00:00 UTC,0.573139946,4598505.351,2703457.584,SOL
2020-05-28 00:00:00 UTC,0.588400493,4715158.09,2545885.094,SOL
2020-05-29 00:00:00 UTC,0.572170088,9366383.784,2654599.497,SOL
2020-05-30 00:00:00 UTC,0.577432313,9427078.266,2051249.65,SOL
2020-05-31 00:00:00 UTC,0.585813238,9591470.336,2439529.329,SOL
2020-06-01 00:00:00 UTC,0.575677003,9399234.951,1936502.361,SOL
2020-06-02 00:00:00 UTC,0.578975524,9424972.586,2232352.347,SOL
2020-06-03 00:00:00 UTC,0.56581432,9310563.109,1384105.15,SOL
2020-06-04 00:00:00 UTC,0.586205471,9614805.947,888236.6647,SOL
2020-06-05 00:00:00 UTC,0.586755369,9543805.262,863889.7763,SOL
2020-06-06 00:00:00 UTC,0.656961105,10747702.96,4253926.368,SOL
2020-06-07 00:00:00 UTC,0.625417465,10180036.84,1644975.948,SOL
2020-06-08 00:00:00 UTC,0.619374555,10138083.79,778127.933,SOL
2020-06-09 00:00:00 UTC,0.667680742,10913789.39,1450401.051,SOL
2020-06-10 00:00:00 UTC,0.655418523,10726797.09,934660.1511,SOL
2020-06-11 00:00:00 UTC,0.65036175,10648020.65,1145633.287,SOL
2020-06-12 00:00:00 UTC,0.571998305,9341515.406,1164520.214,SOL
2020-06-13 00:00:00 UTC,0.593356482,9722321.602,962192.2023,SOL
2020-06-14 00:00:00 UTC,0.608810203,9955797.605,753788.2633,SOL
2020-06-15 00:00:00 UTC,0.586183106,9583560.125,915552.3257,SOL
2020-06-16 00:00:00 UTC,0.570331272,9320494.001,1052111.259,SOL
2020-06-17 00:00:00 UTC,0.585098839,9519846.389,679085.2162,SOL
2020-06-18 00:00:00 UTC,0.581848171,9549958.355,704810.1889,SOL
2020-06-19 00:00:00 UTC,0.619998001,10224928.44,1372641.02,SOL
2020-06-20 00:00:00 UTC,0.686091686,11247343.89,7055205.213,SOL
2020-06-21 00:00:00 UTC,0.644597985,10673766.04,1745226.986,SOL
2020-06-22 00:00:00 UTC,0.672747793,11086240.79,2287434.979,SOL
2020-06-23 00:00:00 UTC,0.727172964,11996277.11,1654719.033,SOL
2020-06-24 00:00:00 UTC,0.706733628,11646898.98,1383543.515,SOL
2020-06-25 00:00:00 UTC,0.736245262,12150092.54,2827321.032,SOL
2020-06-26 00:00:00 UTC,0.712689411,11741625.19,1804323.659,SOL
2020-06-27 00:00:00 UTC,0.740720865,12079079.15,1673667.392,SOL
2020-06-28 00:00:00 UTC,0.713355369,11750514.84,1710200.376,SOL
2020-06-29 00:00:00 UTC,0.798760466,13136127.95,3419777.193,SOL
2020-06-30 00:00:00 UTC,0.853126884,14062849.97,2179078.502,SOL
2020-07-01 00:00:00 UTC,0.859295554,14164459.01,4200596.311,SOL
2020-07-02 00:00:00 UTC,0.832459236,13737840.61,1840101.231,SOL
2020-07-03 00:00:00 UTC,0.774611479,12783903.73,1796842.528,SOL
2020-07-04 00:00:00 UTC,0.767470465,12672163.18,1136961.546,SOL
2020-07-05 00:00:00 UTC,0.781187108,12892264.59,1683516.107,SOL
2020-07-06 00:00:00 UTC,0.692187662,11423393.47,3820984.23,SOL
2020-07-07 00:00:00 UTC,0.708409297,11691026.18,1164528.516,SOL
2020-07-08 00:00:00 UTC,0.753477255,12435090.74,1711217.874,SOL
2020-07-09 00:00:00 UTC,0.795614168,13138366.72,2258517.814,SOL
2020-07-10 00:00:00 UTC,0.850478339,14045120.42,2615952.924,SOL
2020-07-11 00:00:00 UTC,0.913637374,15112460.37,1871221.382,SOL
2020-07-12 00:00:00 UTC,0.921534189,15255277.06,1733700.484,SOL
2020-07-13 00:00:00 UTC,1.017526938,16696748.62,4779890.405,SOL
2020-07-14 00:00:00 UTC,1.178753287,20428062.24,4064986.859,SOL
2020-07-15 00:00:00 UTC,1.148356195,19972946.84,2236363.062,SOL
2020-07-16 00:00:00 UTC,1.293547506,24362181.93,3361791.927,SOL
2020-07-17 00:00:00 UTC,0.86891847,17274473.46,9296866.06,SOL
2020-07-18 00:00:00 UTC,0.98182415,20917439.76,11550958.72,SOL
2020-07-19 00:00:00 UTC,0.967318271,20602905.14,2951092.759,SOL
2020-07-20 00:00:00 UTC,0.922438344,19624140.86,2231346.893,SOL
2020-07-21 00:00:00 UTC,0.873058979,18811046.94,3041235.989,SOL
2020-07-22 00:00:00 UTC,0.976392031,20859692.48,4296502.832,SOL
2020-07-23 00:00:00 UTC,1.044724667,23288212.44,5381567.012,SOL
2020-07-24 00:00:00 UTC,1.055806292,23621340.97,3051275.671,SOL
2020-07-25 00:00:00 UTC,0.996204459,22240716.38,2030487.649,SOL
2020-07-26 00:00:00 UTC,1.250866425,27986367.37,9847485.818,SOL
2020-07-27 00:00:00 UTC,1.597026053,35745817.79,9916449.449,SOL
2020-07-28 00:00:00 UTC,1.776955812,41165009.83,34618880.4,SOL
2020-07-29 00:00:00 UTC,1.783963135,41629008.98,9748575.382,SOL
2020-07-30 00:00:00 UTC,1.657191929,40210662.87,11129957.58,SOL
2020-07-31 00:00:00 UTC,1.688418732,41117076.72,5611511.033,SOL
2020-08-01 00:00:00 UTC,1.538097032,37711209.17,5087571.122,SOL
2020-08-02 00:00:00 UTC,1.533137395,37591996.35,4748192.135,SOL
2020-08-03 00:00:00 UTC,1.746015674,42382004.44,6698349.657,SOL
2020-08-04 00:00:00 UTC,1.800363681,43879557.43,5778334.689,SOL
2020-08-05 00:00:00 UTC,1.897307255,46368816.31,5584908.268,SOL
2020-08-06 00:00:00 UTC,1.761183319,43050611.46,5569521.621,SOL
2020-08-07 00:00:00 UTC,2.201922492,57169342.31,10399801.56,SOL
2020-08-08 00:00:00 UTC,2.073120413,54969359.87,7707429.071,SOL
2020-08-09 00:00:00 UTC,2.473401784,65401183.63,10257501.94,SOL
2020-08-10 00:00:00 UTC,2.659002831,71020175.15,11357917.3,SOL
2020-08-11 00:00:00 UTC,3.135883739,87332088.95,22017721.74,SOL
2020-08-12 00:00:00 UTC,3.264869118,91851887.99,34022534.26,SOL
2020-08-13 00:00:00 UTC,3.74138793,105458413.8,27350570.77,SOL
2020-08-14 00:00:00 UTC,3.733675413,108874815.3,28936940.78,SOL
2020-08-15 00:00:00 UTC,3.41749722,101662334.2,19041477.06,SOL
2020-08-16 00:00:00 UTC,3.173195437,94560197.4,13945414.89,SOL
2020-08-17 00:00:00 UTC,3.385226728,101093050,10367526.3,SOL
2020-08-18 00:00:00 UTC,3.103088944,95117475.86,11222688.38,SOL
2020-08-19 00:00:00 UTC,3.331062075,103512572.7,29613499.05,SOL
2020-08-20 00:00:00 UTC,2.896131068,91194729.76,15448650.5,SOL
2020-08-21 00:00:00 UTC,3.206502582,101186302.3,13595404.01,SOL
2020-08-22 00:00:00 UTC,2.933189414,92576368.09,12006369.82,SOL
2020-08-23 00:00:00 UTC,3.021765596,95149797.26,10159244.74,SOL
2020-08-24 00:00:00 UTC,3.329934051,104838610.4,11705563.48,SOL
2020-08-25 00:00:00 UTC,3.339777044,105025071.7,15583655.54,SOL
2020-08-26 00:00:00 UTC,3.261241607,103504610.6,12533596.2,SOL
2020-08-27 00:00:00 UTC,3.551066941,114219136.4,22112806.02,SOL
2020-08-28 00:00:00 UTC,3.430616122,110491240.2,21498130.29,SOL
2020-08-29 00:00:00 UTC,4.011416157,129651597.9,26740109.12,SOL
2020-08-30 00:00:00 UTC,3.972282229,128816760.9,14534080.23,SOL
2020-08-31 00:00:00 UTC,4.436663533,144468272.8,22083311.98,SOL
2020-09-01 00:00:00 UTC,4.794461849,157231078.2,19476155.19,SOL
2020-09-02 00:00:00 UTC,4.304353616,144080731.2,16073140.85,SOL
2020-09-03 00:00:00 UTC,4.176224469,137747076.8,23121094.98,SOL
2020-09-04 00:00:00 UTC,3.513971152,119105105,27187766.96,SOL
2020-09-05 00:00:00 UTC,3.540717454,118962336.5,17857611.37,SOL
2020-09-06 00:00:00 UTC,2.595171711,87193154.32,25742235.85,SOL
2020-09-07 00:00:00 UTC,3.087153752,103754712.7,18512975.69,SOL
2020-09-08 00:00:00 UTC,2.906438018,99103615.3,15992080.63,SOL
2020-09-09 00:00:00 UTC,2.474280635,85338829.22,10503232.09,SOL
2020-09-10 00:00:00 UTC,3.634370351,121438753.7,46180176.27,SOL
2020-09-11 00:00:00 UTC,3.453090001,118759154.8,31817980.38,SOL
2020-09-12 00:00:00 UTC,3.446208523,121133286.8,16519855.12,SOL
2020-09-13 00:00:00 UTC,3.332662087,116947704.6,10193775.12,SOL
2020-09-14 00:00:00 UTC,3.224798312,112654349.6,15375145.94,SOL
2020-09-15 00:00:00 UTC,3.26239121,118721263.5,21853783.61,SOL
2020-09-16 00:00:00 UTC,2.931693208,107150010.9,12635260,SOL
2020-09-17 00:00:00 UTC,2.549465406,94070098.6,24795333.69,SOL
2020-09-18 00:00:00 UTC,2.919199303,107329192.6,21791980.63,SOL
2020-09-19 00:00:00 UTC,3.084079827,115398247.2,22533255.9,SOL
2020-09-20 00:00:00 UTC,3.014728897,113066182.9,10943760.46,SOL
2020-09-21 00:00:00 UTC,2.867958258,107485223.2,9294739.741,SOL
2020-09-22 00:00:00 UTC,2.773660229,105132421.8,19270693.97,SOL
2020-09-23 00:00:00 UTC,2.940215514,110996725.7,18874481.5,SOL
2020-09-24 00:00:00 UTC,2.835500587,107801479,14564763.15,SOL
2020-09-25 00:00:00 UTC,3.130126407,118878878.7,16633162.87,SOL
2020-09-26 00:00:00 UTC,3.19100605,122238331.6,13618464.8,SOL
2020-09-27 00:00:00 UTC,3.135145216,121477645.4,8801854.278,SOL
2020-09-28 00:00:00 UTC,3.165994885,124163454.9,7557998.444,SOL
2020-09-29 00:00:00 UTC,2.955775151,115671366.6,9309539.827,SOL
2020-09-30 00:00:00 UTC,2.945119039,117794737.8,6850416.404,SOL
2020-10-01 00:00:00 UTC,2.895851724,116997169.8,5787535.353,SOL
2020-10-02 00:00:00 UTC,2.866125781,116446343.8,8826242.176,SOL
2020-10-03 00:00:00 UTC,2.628903911,107373602.6,14212990.24,SOL
2020-10-04 00:00:00 UTC,2.553637808,104629198.2,5964945.749,SOL
2020-10-05 00:00:00 UTC,2.522557078,104629072.1,7148795.366,SOL
2020-10-06 00:00:00 UTC,2.652751429,109983903.7,8274088.031,SOL
2020-10-07 00:00:00 UTC,2.174595988,90510593.14,12053371.15,SOL
2020-10-08 00:00:00 UTC,2.290102499,96626244.23,14026928.6,SOL
2020-10-09 00:00:00 UTC,2.362657311,100361073.1,18962028.19,SOL
2020-10-10 00:00:00 UTC,2.539492735,108143705,14326709.1,SOL
2020-10-11 00:00:00 UTC,2.405568638,102263473.3,10183145.72,SOL
2020-10-12 00:00:00 UTC,2.418105546,102599664.1,7287675.814,SOL
2020-10-13 00:00:00 UTC,2.583581446,109398780.8,15148498.56,SOL
2020-10-14 00:00:00 UTC,2.402275769,104349414.8,13892838.74,SOL
2020-10-15 00:00:00 UTC,2.31915368,100630989.4,10350998.49,SOL
2020-10-16 00:00:00 UTC,2.268549825,98861299.73,8122715.969,SOL
2020-10-17 00:00:00 UTC,2.14109699,93684534.76,15223420.22,SOL
2020-10-18 00:00:00 UTC,2.203563201,95604758.79,6335659.684,SOL
2020-10-19 00:00:00 UTC,2.211921024,96201418.3,5687385.029,SOL
2020-10-20 00:00:00 UTC,2.056854399,89483911.15,8565815.857,SOL
2020-10-21 00:00:00 UTC,1.885885987,82488167.14,15641566.71,SOL
2020-10-22 00:00:00 UTC,1.880968953,82144490.26,23297280.72,SOL
2020-10-23 00:00:00 UTC,1.953886847,86559361.41,13454997.58,SOL
2020-10-24 00:00:00 UTC,1.957174534,86992250.29,11186213.36,SOL
2020-10-25 00:00:00 UTC,1.912534837,85097119.42,6919606.692,SOL
2020-10-26 00:00:00 UTC,1.791012455,80166567.41,9185870.3,SOL
2020-10-27 00:00:00 UTC,1.684800755,76352252.52,13591649.24,SOL
2020-10-28 00:00:00 UTC,1.715941507,78379682.65,15297050.6,SOL
2020-10-29 00:00:00 UTC,1.518543431,69484097.07,15939411.52,SOL
2020-10-30 00:00:00 UTC,1.428846691,65484559.75,8662606.661,SOL
2020-10-31 00:00:00 UTC,1.440645797,65971825.09,9349348.872,SOL
2020-11-01 00:00:00 UTC,1.535551453,70310236.99,6702913.2,SOL
2020-11-02 00:00:00 UTC,1.600572442,73223097.97,7044518.694,SOL
2020-11-03 00:00:00 UTC,1.47523533,67681588.11,6491093.904,SOL
2020-11-04 00:00:00 UTC,1.412635643,64789424.24,6668083.606,SOL
2020-11-05 00:00:00 UTC,1.393307046,64037059.28,13444944.23,SOL
2020-11-06 00:00:00 UTC,1.405708358,64230247.79,10875990.98,SOL
2020-11-07 00:00:00 UTC,1.92596915,88646989.63,29260208.08,SOL
2020-11-08 00:00:00 UTC,2.032391503,94477844.76,69505254.93,SOL
2020-11-09 00:00:00 UTC,2.15534489,99153483.96,35274009.49,SOL
2020-11-10 00:00:00 UTC,2.028511604,92911864.56,23430879.83,SOL
2020-11-11 00:00:00 UTC,2.252786688,104439762.5,17683772.99,SOL
2020-11-12 00:00:00 UTC,2.000194697,91842384.43,17995064.28,SOL
2020-11-13 00:00:00 UTC,1.896790484,86929582.54,14316052.7,SOL
2020-11-14 00:00:00 UTC,2.017595354,92395446.4,10853681.1,SOL
2020-11-15 00:00:00 UTC,1.919820809,88345125.42,7480703.34,SOL
2020-11-16 00:00:00 UTC,2.040679131,93688716,17895366.81,SOL
2020-11-17 00:00:00 UTC,2.262358998,103751002.1,20610242.32,SOL
2020-11-18 00:00:00 UTC,2.197190779,101161954.4,15969353.06,SOL
2020-11-19 00:00:00 UTC,2.117886192,97122156.75,13848265.66,SOL
2020-11-20 00:00:00 UTC,2.070684202,95016544.58,9316529.248,SOL
2020-11-21 00:00:00 UTC,2.099258903,96699115.09,10371769.86,SOL
2020-11-22 00:00:00 UTC,2.381429683,109103139.9,25366504.82,SOL
2020-11-23 00:00:00 UTC,2.151813535,99643753.25,20574885.27,SOL
2020-11-24 00:00:00 UTC,2.273388487,104405683.7,18928875.4,SOL
2020-11-25 00:00:00 UTC,2.259914141,103371313.3,32072469.88,SOL
2020-11-26 00:00:00 UTC,2.264612998,103929950.4,31314180.5,SOL
2020-11-27 00:00:00 UTC,1.901905045,87261948.46,41413742.5,SOL
2020-11-28 00:00:00 UTC,1.859262987,85368717.63,16043158.4,SOL
2020-11-29 00:00:00 UTC,1.890375956,86876340.86,13543976.25,SOL
2020-11-30 00:00:00 UTC,1.913342978,87979239.42,7475716.686,SOL
2020-12-01 00:00:00 UTC,1.965246985,90930509.96,10302108.66,SOL
2020-12-02 00:00:00 UTC,1.982115584,91819218.15,15857429.67,SOL
2020-12-03 00:00:00 UTC,2.117381961,98158810.33,20110298.14,SOL
2020-12-04 00:00:00 UTC,2.096751319,97007192.42,26145331.3,SOL
2020-12-05 00:00:00 UTC,1.858485553,86302542.38,12376166.94,SOL
2020-12-06 00:00:00 UTC,1.978660335,91469353.59,10627298.67,SOL
2020-12-07 00:00:00 UTC,1.851301552,85608059.74,10598081.57,SOL
2020-12-08 00:00:00 UTC,1.830633589,84695936.98,10468359.69,SOL
2020-12-09 00:00:00 UTC,1.670368617,77643530.78,17112369.53,SOL
2020-12-10 00:00:00 UTC,1.66493735,77258533.72,16742998.45,SOL
2020-12-11 00:00:00 UTC,1.576507891,73019479.91,9081181.441,SOL
2020-12-12 00:00:00 UTC,1.44966928,67063074.53,10757763.65,SOL
2020-12-13 00:00:00 UTC,1.490849713,68998005.96,9176582.195,SOL
2020-12-14 00:00:00 UTC,1.566571104,72368450.62,10831419.62,SOL
2020-12-15 00:00:00 UTC,1.590457215,74144495.07,10852348.24,SOL
2020-12-16 00:00:00 UTC,1.752967647,80958321.3,25707468.39,SOL
2020-12-17 00:00:00 UTC,1.779209479,82697026.71,20667383.03,SOL
2020-12-18 00:00:00 UTC,1.677764317,77962145.67,19771583.13,SOL
2020-12-19 00:00:00 UTC,1.699778561,79098065.29,9944183.275,SOL
2020-12-20 00:00:00 UTC,1.668308559,77655684.26,11133539.43,SOL
2020-12-21 00:00:00 UTC,1.563348351,72790529.4,11294828.8,SOL
2020-12-22 00:00:00 UTC,1.543420537,71954471.53,10231076.96,SOL
2020-12-23 00:00:00 UTC,1.49288377,69532641.54,14598569.96,SOL
2020-12-24 00:00:00 UTC,1.206243024,56718890.09,21811152.39,SOL
2020-12-25 00:00:00 UTC,1.363459012,63270395.1,11669615.74,SOL
2020-12-26 00:00:00 UTC,1.445884806,67364923.8,11302457.9,SOL
2020-12-27 00:00:00 UTC,1.328260798,61824850.92,8569139.626,SOL
2020-12-28 00:00:00 UTC,1.306540128,61706533.09,15721103.75,SOL
2020-12-29 00:00:00 UTC,1.51912825,70774348.24,16248544.1,SOL
2020-12-30 00:00:00 UTC,1.676068535,78352281.8,34126955.31,SOL
2020-12-31 00:00:00 UTC,1.537839088,71585859.27,16897738.27,SOL
2021-01-01 00:00:00 UTC,1.515807496,69766796.85,17111375.74,SOL
2021-01-02 00:00:00 UTC,1.841140876,86318139.66,32991393.1,SOL
2021-01-03 00:00:00 UTC,1.802628913,84086466.4,41366106.07,SOL
2021-01-04 00:00:00 UTC,2.14770799,99775343.81,71243785.08,SOL
2021-01-05 00:00:00 UTC,2.421784607,111799127,74768826.61,SOL
2021-01-06 00:00:00 UTC,2.161868957,100329573.1,65041612.89,SOL
2021-01-07 00:00:00 UTC,1.923185464,89806036.83,66770224.86,SOL
2021-01-08 00:00:00 UTC,2.367409285,617487734.8,219251174.2,SOL
2021-01-09 00:00:00 UTC,3.234482123,832993617.4,286755149.1,SOL
2021-01-10 00:00:00 UTC,3.388588369,895647361.5,120168621.4,SOL
2021-01-11 00:00:00 UTC,3.473732232,912330458.1,80904486.74,SOL
2021-01-12 00:00:00 UTC,3.10762749,817258464.3,106045335.6,SOL
2021-01-13 00:00:00 UTC,3.586764677,938493137.5,97551374.06,SOL
2021-01-14 00:00:00 UTC,3.520762209,921726565.3,75016318.35,SOL
2021-01-15 00:00:00 UTC,3.278193489,859145982.6,76404702.34,SOL
2021-01-16 00:00:00 UTC,3.255779395,854734765.2,58075508.18,SOL
2021-01-17 00:00:00 UTC,3.4518655,904006570,99803415.71,SOL
2021-01-18 00:00:00 UTC,3.815984156,1017470478,93623327.6,SOL
2021-01-19 00:00:00 UTC,3.77514664,987108914.6,92855359.64,SOL
2021-01-20 00:00:00 UTC,3.641431312,953132372.6,70082464.79,SOL
2021-01-21 00:00:00 UTC,3.729115837,973442831.8,58455688.05,SOL
2021-01-22 00:00:00 UTC,2.998811475,786986237.3,56210951.53,SOL
2021-01-23 00:00:00 UTC,3.341360079,870802220.9,78912922.71,SOL
2021-01-24 00:00:00 UTC,3.501568303,910358037.4,34563933.46,SOL
2021-01-25 00:00:00 UTC,3.631707075,946423915.4,39857016.49,SOL
2021-01-26 00:00:00 UTC,3.713999633,970376773.8,102071940.7,SOL
2021-01-27 00:00:00 UTC,4.032884054,1054703273,99915130.85,SOL
2021-01-28 00:00:00 UTC,3.699511535,965216149.6,41769652.74,SOL
2021-01-29 00:00:00 UTC,3.817402068,994404569.1,39406683.91,SOL
2021-01-30 00:00:00 UTC,3.864348593,1011832936,56780983.12,SOL
2021-01-31 00:00:00 UTC,4.233485773,1099976702,67081650.44,SOL
2021-02-01 00:00:00 UTC,4.263968589,1108554251,97446415.86,SOL
2021-02-02 00:00:00 UTC,4.594574803,1181003688,46965792.23,SOL
2021-02-03 00:00:00 UTC,5.257321085,1375270993,123805679.8,SOL
2021-02-04 00:00:00 UTC,5.721470794,1486424501,94154842.87,SOL
2021-02-05 00:00:00 UTC,6.416246734,1677733734,136705073.2,SOL
2021-02-06 00:00:00 UTC,6.706647732,1732564479,122560651.2,SOL
2021-02-07 00:00:00 UTC,6.117657912,1614662624,134130068.4,SOL
2021-02-08 00:00:00 UTC,6.657339688,1741080410,133124403.5,SOL
2021-02-09 00:00:00 UTC,7.908749784,2067531944,198992540.4,SOL
2021-02-10 00:00:00 UTC,7.840138331,2066515668,155211915.6,SOL
2021-02-11 00:00:00 UTC,9.021720125,2347978418,151648521.9,SOL
2021-02-12 00:00:00 UTC,9.200179305,2396719732,201126010.2,SOL
2021-02-13 00:00:00 UTC,9.228804888,2426763287,114926769.6,SOL
2021-02-14 00:00:00 UTC,8.713969624,2299907028,116673415.2,SOL
2021-02-15 00:00:00 UTC,8.727632198,2299584697,111434979.1,SOL
2021-02-16 00:00:00 UTC,8.847305421,2319301371,109980858.2,SOL
2021-02-17 00:00:00 UTC,8.30280603,2184260800,72282574.14,SOL
2021-02-18 00:00:00 UTC,8.231931006,2173930631,95778536.21,SOL
2021-02-19 00:00:00 UTC,9.012662633,2375754524,93285838.88,SOL
2021-02-20 00:00:00 UTC,11.4408694,2993685734,337882476.4,SOL
2021-02-21 00:00:00 UTC,10.04473383,2615417098,151686888.4,SOL
2021-02-22 00:00:00 UTC,11.11340294,2943199330,185663015.6,SOL
2021-02-23 00:00:00 UTC,14.42373053,3751426599,745502104.8,SOL
2021-02-24 00:00:00 UTC,15.15827795,4014384609,1244332504,SOL
2021-02-25 00:00:00 UTC,17.47180364,4630153133,653765450.5,SOL
2021-02-26 00:00:00 UTC,13.81100907,3670715311,528005152.6,SOL
2021-02-27 00:00:00 UTC,13.66893596,3630663218,439215087.8,SOL
2021-02-28 00:00:00 UTC,13.31096512,3502097092,331645301.9,SOL
2021-03-01 00:00:00 UTC,13.03076907,3482110143,388225411,SOL
2021-03-02 00:00:00 UTC,15.03008569,3973508157,392440888.4,SOL
2021-03-03 00:00:00 UTC,14.01008625,3703367098,225140396.2,SOL
2021-03-04 00:00:00 UTC,14.13100351,3742765613,196774080.8,SOL
2021-03-05 00:00:00 UTC,13.11502409,3465889173,147658517.9,SOL
2021-03-06 00:00:00 UTC,12.63107018,3328224949,114430118.9,SOL
2021-03-07 00:00:00 UTC,13.06809551,3455484976,151724548.4,SOL
2021-03-08 00:00:00 UTC,13.91718705,3683032790,176392184.7,SOL
2021-03-09 00:00:00 UTC,13.64022584,3627821384,135033736.4,SOL
2021-03-10 00:00:00 UTC,14.86660709,3948666694,167995189.7,SOL
2021-03-11 00:00:00 UTC,14.23353965,3801048411,146460475.4,SOL
2021-03-12 00:00:00 UTC,15.97657142,4251534865,296645197.9,SOL
2021-03-13 00:00:00 UTC,14.59862313,3904039878,234666311.9,SOL
2021-03-14 00:00:00 UTC,15.31847866,4102822643,187955914.5,SOL
2021-03-15 00:00:00 UTC,14.56731405,3914890623,111823964.3,SOL
2021-03-16 00:00:00 UTC,14.16336589,3802503168,133187836.2,SOL
2021-03-17 00:00:00 UTC,13.68931374,3652666107,144943707.2,SOL
2021-03-18 00:00:00 UTC,14.27775626,3813907144,118128026.4,SOL
2021-03-19 00:00:00 UTC,14.26867568,3818502582,98337016.85,SOL
2021-03-20 00:00:00 UTC,14.1828667,3784530964,86842533.96,SOL
2021-03-21 00:00:00 UTC,14.27580403,3827195162,86343402.4,SOL
2021-03-22 00:00:00 UTC,14.30622975,3820743747,79484161.87,SOL
2021-03-23 00:00:00 UTC,14.87033748,3996883816,326592283.8,SOL
2021-03-24 00:00:00 UTC,14.19456779,3797038255,133887151.9,SOL
2021-03-25 00:00:00 UTC,13.60393816,3673111725,147906709,SOL
2021-03-26 00:00:00 UTC,12.96452276,3458196578,143844943.8,SOL
2021-03-27 00:00:00 UTC,14.74905407,3952457818,183730696.6,SOL
2021-03-28 00:00:00 UTC,16.56643725,4447942286,282806957.3,SOL
2021-03-29 00:00:00 UTC,18.00806967,4849136132,534850426.6,SOL
2021-03-30 00:00:00 UTC,18.88489087,5060496029,266282434.7,SOL
2021-03-31 00:00:00 UTC,19.17575575,5140859722,320692680.3,SOL
2021-04-01 00:00:00 UTC,19.48663194,5229172252,255371895.7,SOL
2021-04-02 00:00:00 UTC,19.05545052,5115358904,213522852.9,SOL
2021-04-03 00:00:00 UTC,19.73831925,5287278539,162070984.5,SOL
2021-04-04 00:00:00 UTC,22.59896305,6076766594,600716419.6,SOL
2021-04-05 00:00:00 UTC,24.02282912,6459213599,536246712.9,SOL
2021-04-06 00:00:00 UTC,22.94298584,6143755029,324307982,SOL
2021-04-07 00:00:00 UTC,24.98954918,6677871480,404116807.9,SOL
2021-04-08 00:00:00 UTC,26.67473295,7244692416,714313720.1,SOL
2021-04-09 00:00:00 UTC,27.00514637,7238834910,445724093.1,SOL
2021-04-10 00:00:00 UTC,27.78469812,7509326043,351754156.4,SOL
2021-04-11 00:00:00 UTC,26.83396606,7243681262,340108404.2,SOL
2021-04-12 00:00:00 UTC,27.81776983,7504132255,293810895.9,SOL
2021-04-13 00:00:00 UTC,28.52398051,7668557969,388174413.3,SOL
2021-04-14 00:00:00 UTC,27.56950727,7477651408,327658007.7,SOL
2021-04-15 00:00:00 UTC,26.45151636,7124964901,425296729.2,SOL
2021-04-16 00:00:00 UTC,27.82949194,7510746947,267944999.9,SOL
2021-04-17 00:00:00 UTC,25.28026504,6847726668,294302057.3,SOL
2021-04-18 00:00:00 UTC,25.01097915,6763365116,259794446,SOL
2021-04-19 00:00:00 UTC,32.43000667,8839759828,1456340756,SOL
2021-04-20 00:00:00 UTC,31.7251483,8636876765,1138689655,SOL
2021-04-21 00:00:00 UTC,31.68779272,8638723481,982110136.4,SOL
2021-04-22 00:00:00 UTC,32.31362189,8840620046,916541281.6,SOL
2021-04-23 00:00:00 UTC,39.04180159,10546870753,1619297323,SOL
2021-04-24 00:00:00 UTC,37.0668897,10009570403,2170847454,SOL
2021-04-25 00:00:00 UTC,40.74492272,11122055713,1508721736,SOL
2021-04-26 00:00:00 UTC,47.66158942,12948847196,2115947833,SOL
2021-04-27 00:00:00 UTC,44.49648066,12053853292,1808647601,SOL
2021-04-28 00:00:00 UTC,43.2179654,11730117464,889450121.3,SOL
2021-04-29 00:00:00 UTC,45.03962011,12162250490,1328456957,SOL
2021-04-30 00:00:00 UTC,42.5819452,11521025311,1007552490,SOL
2021-05-01 00:00:00 UTC,42.99529635,11625206343,715484397.7,SOL
2021-05-02 00:00:00 UTC,49.66339414,13505629297,1107804038,SOL
2021-05-03 00:00:00 UTC,46.93452855,12731441941,736253572.4,SOL
2021-05-04 00:00:00 UTC,46.08780895,12596937423,754315146.5,SOL
2021-05-05 00:00:00 UTC,42.7018941,11695753641,850967614.9,SOL
2021-05-06 00:00:00 UTC,44.89309349,12196654589,632988284,SOL
2021-05-07 00:00:00 UTC,43.43782697,11848638343,496643551.4,SOL
2021-05-08 00:00:00 UTC,43.07213433,11736620150,628075167.8,SOL
2021-05-09 00:00:00 UTC,45.6856733,12483159692,565022391.1,SOL
2021-05-10 00:00:00 UTC,44.35912616,12070625546,631361237.6,SOL
2021-05-11 00:00:00 UTC,42.960486,11724389834,610750904.6,SOL
2021-05-12 00:00:00 UTC,44.72439582,12215743859,587946571.6,SOL
2021-05-13 00:00:00 UTC,43.62157837,12440648899,1387803968,SOL
2021-05-14 00:00:00 UTC,41.10996898,11096669651,1273761713,SOL
2021-05-15 00:00:00 UTC,42.87180003,11689352286,536552649.6,SOL
2021-05-16 00:00:00 UTC,43.46242757,11799908299,617414124.1,SOL
2021-05-17 00:00:00 UTC,47.17666784,12808567897,2249695072,SOL
2021-05-18 00:00:00 UTC,46.86175962,12904194705,2104910795,SOL
2021-05-19 00:00:00 UTC,56.20200903,15371663656,2063395663,SOL
2021-05-20 00:00:00 UTC,35.75884416,9921711894,2921072601,SOL
2021-05-21 00:00:00 UTC,44.52570263,12171270499,2519340040,SOL
2021-05-22 00:00:00 UTC,38.43160145,10430110171,1807465387,SOL
2021-05-23 00:00:00 UTC,31.61460189,8668570148,1134738459,SOL
2021-05-24 00:00:00 UTC,24.76763979,6741153860,1988074630,SOL
2021-05-25 00:00:00 UTC,30.98546737,8456340962,1351443455,SOL
2021-05-26 00:00:00 UTC,30.00644953,8200361459,934610971.7,SOL
2021-05-27 00:00:00 UTC,35.65025364,9637728345,1118628987,SOL
2021-05-28 00:00:00 UTC,33.65934259,9223068940,662066528.4,SOL
2021-05-29 00:00:00 UTC,29.02194839,7915741497,624114420,SOL
2021-05-30 00:00:00 UTC,27.55720416,7555682950,402043440.1,SOL
2021-05-31 00:00:00 UTC,28.56228743,7786190306,385506550.3,SOL
2021-06-01 00:00:00 UTC,32.6621226,8921358872,556481220.9,SOL
2021-06-02 00:00:00 UTC,30.98523815,8466375154,451120119.9,SOL
2021-06-03 00:00:00 UTC,34.18804886,9317118424,526537332.9,SOL
2021-06-04 00:00:00 UTC,39.70667545,10988660956,1003176056,SOL
2021-06-05 00:00:00 UTC,37.59916222,10271428908,1090388199,SOL
2021-06-06 00:00:00 UTC,39.34001089,10611364493,1151594281,SOL
2021-06-07 00:00:00 UTC,42.25988705,11508207254,825017874.7,SOL
2021-06-08 00:00:00 UTC,38.19473237,10637505878,942584607.2,SOL
2021-06-09 00:00:00 UTC,41.41714833,11375166577,1825252143,SOL
2021-06-10 00:00:00 UTC,42.07765253,11544497584,1272173445,SOL
2021-06-11 00:00:00 UTC,41.2059607,11231058226,624242377.7,SOL
2021-06-12 00:00:00 UTC,36.09038097,9831892846,558803764.8,SOL
2021-06-13 00:00:00 UTC,36.56837527,10095207880,584578781.8,SOL
2021-06-14 00:00:00 UTC,38.8203861,10521989455,488535747.5,SOL
2021-06-15 00:00:00 UTC,39.6440578,10808680337,564059144.8,SOL
2021-06-16 00:00:00 UTC,39.69949998,10852976030,508646352.9,SOL
2021-06-17 00:00:00 UTC,39.54766089,10781816203,636535388.4,SOL
2021-06-18 00:00:00 UTC,39.32721785,10638298324,472927528.3,SOL
2021-06-19 00:00:00 UTC,36.62410257,10008182631,481564015.6,SOL
2021-06-20 00:00:00 UTC,35.26048478,9621683963,302280531.2,SOL
2021-06-21 00:00:00 UTC,35.2842749,9611623563,507507928.9,SOL
2021-06-22 00:00:00 UTC,26.59538137,7439425734,836901347.2,SOL
2021-06-23 00:00:00 UTC,26.72920147,7157859825,1371341089,SOL
2021-06-24 00:00:00 UTC,30.87900373,8377496850,1203441657,SOL
2021-06-25 00:00:00 UTC,31.44053281,8585542319,732654201.7,SOL
2021-06-26 00:00:00 UTC,29.23725923,7985242402,737663786.9,SOL
2021-06-27 00:00:00 UTC,29.37477622,7914659494,639618006.1,SOL
2021-06-28 00:00:00 UTC,31.67466281,8602431238,572104299.6,SOL
2021-06-29 00:00:00 UTC,33.11418087,9040653317,674515112.4,SOL
2021-06-30 00:00:00 UTC,33.92293268,9355893411,645572532.2,SOL
2021-07-01 00:00:00 UTC,35.83440252,9784660090,791091273.2,SOL
2021-07-02 00:00:00 UTC,33.55617113,9145093165,663491276.7,SOL
2021-07-03 00:00:00 UTC,33.95890784,9219660441,607351754.7,SOL
2021-07-04 00:00:00 UTC,34.46550621,9395489549,462037406.4,SOL
2021-07-05 00:00:00 UTC,34.44884875,9396692749,424937662,SOL
2021-07-06 00:00:00 UTC,33.12005545,9033978686,436664234.5,SOL
2021-07-07 00:00:00 UTC,34.29123767,9343669280,499801292.5,SOL
2021-07-08 00:00:00 UTC,36.65727454,9995196544,727575218.2,SOL
2021-07-09 00:00:00 UTC,33.5141439,9137574847,691932146.2,SOL
2021-07-10 00:00:00 UTC,33.53185263,9138440437,454190333.1,SOL
2021-07-11 00:00:00 UTC,31.93920234,8716478998,415853889.1,SOL
2021-07-12 00:00:00 UTC,32.12329224,8760359617,296169725.6,SOL
2021-07-13 00:00:00 UTC,30.95347403,8429306463,312330343.2,SOL
2021-07-14 00:00:00 UTC,29.16206823,7953342249,270392426.1,SOL
2021-07-15 00:00:00 UTC,31.23600102,8488446183,474454643.5,SOL
2021-07-16 00:00:00 UTC,28.32353743,7712932811,469048385,SOL
2021-07-17 00:00:00 UTC,26.26323283,7168957057,372119879.1,SOL
2021-07-18 00:00:00 UTC,26.79168755,7314497719,292646432.7,SOL
2021-07-19 00:00:00 UTC,26.89393895,7331794882,227071207.7,SOL
2021-07-20 00:00:00 UTC,24.81620054,6774142706,370348465.2,SOL
2021-07-21 00:00:00 UTC,23.8584461,6500208589,422162867.9,SOL
2021-07-22 00:00:00 UTC,26.67239697,7243897344,573149420.4,SOL
2021-07-23 00:00:00 UTC,27.76297804,7561860534,375801784.2,SOL
2021-07-24 00:00:00 UTC,28.37606777,7713349030,407425804.5,SOL
2021-07-25 00:00:00 UTC,28.59033303,7794117621,363380694.2,SOL
2021-07-26 00:00:00 UTC,28.31881777,7718142917,316495335.6,SOL
2021-07-27 00:00:00 UTC,28.09669795,7706970297,755245025.2,SOL
2021-07-28 00:00:00 UTC,27.95113101,7591579831,375190958.4,SOL
2021-07-29 00:00:00 UTC,27.87180125,7595729559,324323976.9,SOL
2021-07-30 00:00:00 UTC,31.41657633,8603692852,490243888,SOL
2021-07-31 00:00:00 UTC,32.25269182,8782089189,673479026.4,SOL
2021-08-01 00:00:00 UTC,36.24876036,9870964497,614044704.4,SOL
2021-08-02 00:00:00 UTC,34.17251167,9272656716,548581372.5,SOL
2021-08-03 00:00:00 UTC,33.27511835,9090469011,463809054.2,SOL
2021-08-04 00:00:00 UTC,34.34012027,9368039158,535386826.4,SOL
2021-08-05 00:00:00 UTC,35.9054826,9803376070,453652890.8,SOL
2021-08-06 00:00:00 UTC,37.47983512,10217649265,642276103.4,SOL
2021-08-07 00:00:00 UTC,39.53990292,10788517296,634966886.3,SOL
2021-08-08 00:00:00 UTC,39.38262634,10716940359,567721952.7,SOL
2021-08-09 00:00:00 UTC,37.66581962,10274392698,387950835.6,SOL
2021-08-10 00:00:00 UTC,38.76250121,10540000830,392755194.4,SOL
2021-08-11 00:00:00 UTC,40.66298981,11060502357,512007043.4,SOL
2021-08-12 00:00:00 UTC,41.79949265,11911671446,518467624.1,SOL
2021-08-13 00:00:00 UTC,41.19014957,11719191265,501994574,SOL
2021-08-14 00:00:00 UTC,44.69284014,12659136195,536710066.7,SOL
2021-08-15 00:00:00 UTC,44.06280237,12632010979,375775175.2,SOL
2021-08-16 00:00:00 UTC,53.67834816,15290073919,1453940559,SOL
2021-08-17 00:00:00 UTC,62.27708029,18474853367,3744578513,SOL
2021-08-18 00:00:00 UTC,64.30343711,18770890602,4071432568,SOL
2021-08-19 00:00:00 UTC,74.00480196,21274810509,4552452964,SOL
2021-08-20 00:00:00 UTC,73.04851677,20809209324,2751968422,SOL
2021-08-21 00:00:00 UTC,78.44870433,22425622492,1816393866,SOL
2021-08-22 00:00:00 UTC,74.21792558,21281170312,1502846890,SOL
2021-08-23 00:00:00 UTC,73.12559206,20991469522,1004789455,SOL
2021-08-24 00:00:00 UTC,75.97033641,22022469784,1376624102,SOL
2021-08-25 00:00:00 UTC,71.21280824,20724670218,1645439132,SOL
2021-08-26 00:00:00 UTC,71.51094022,20802776475,1460931375,SOL
2021-08-27 00:00:00 UTC,76.11361964,22227352877,2687938994,SOL
2021-08-28 00:00:00 UTC,87.96820731,25629594571,3193853130,SOL
2021-08-29 00:00:00 UTC,97.06666833,28329094352,2343520709,SOL
2021-08-30 00:00:00 UTC,94.00977412,27304152717,1619244458,SOL
2021-08-31 00:00:00 UTC,109.6467328,31920673370,4827155958,SOL
2021-09-01 00:00:00 UTC,108.7063764,31632430274,7097442297,SOL
2021-09-02 00:00:00 UTC,110.8178161,32218252304,3649705607,SOL
2021-09-03 00:00:00 UTC,128.6741865,37338512656,4623249675,SOL
2021-09-04 00:00:00 UTC,146.3575945,42571321336,6871215128,SOL
2021-09-05 00:00:00 UTC,139.5940899,40720531106,3607645007,SOL
2021-09-06 00:00:00 UTC,142.1356142,41412015758,2711248607,SOL
2021-09-07 00:00:00 UTC,164.5609238,47904979408,5245858967,SOL
2021-09-08 00:00:00 UTC,173.3110953,51322390022,16149087501,SOL
2021-09-09 00:00:00 UTC,189.3444533,55627271034,12034756698,SOL
2021-09-10 00:00:00 UTC,188.2759416,55264334912,12182432665,SOL
2021-09-11 00:00:00 UTC,178.31957,52325632036,6992113163,SOL
2021-09-12 00:00:00 UTC,177.9424019,52220905555,5327211599,SOL
2021-09-13 00:00:00 UTC,174.8813207,51473851354,3006790023,SOL
2021-09-14 00:00:00 UTC,169.2773469,49653193581,6270536793,SOL
2021-09-15 00:00:00 UTC,157.3779935,46493824081,5484253084,SOL
2021-09-16 00:00:00 UTC,158.5963398,46994383928,3973589945,SOL
2021-09-17 00:00:00 UTC,151.9483411,45094080635,3163024291,SOL
2021-09-18 00:00:00 UTC,147.5843344,43906621684,4637329446,SOL
2021-09-19 00:00:00 UTC,170.109824,50565779823,5288896343,SOL
2021-09-20 00:00:00 UTC,153.3264417,45589411995,3442771810,SOL
2021-09-21 00:00:00 UTC,133.3687247,39478971644,5652873069,SOL
2021-09-22 00:00:00 UTC,122.6923886,36248052949,5306957387,SOL
2021-09-23 00:00:00 UTC,148.3293542,44125796475,4912176158,SOL
2021-09-24 00:00:00 UTC,150.3896532,44686382479,3353529941,SOL
2021-09-25 00:00:00 UTC,139.314146,41548029058,3863693218,SOL
2021-09-26 00:00:00 UTC,136.8354526,40572796553,2059643191,SOL
2021-09-27 00:00:00 UTC,135.7959331,40356234736,2683407146,SOL
2021-09-28 00:00:00 UTC,136.2595215,40533909717,2989640865,SOL
2021-09-29 00:00:00 UTC,130.6048919,39030320223,2409481753,SOL
2021-09-30 00:00:00 UTC,135.2791628,40196990252,2423220767,SOL
2021-10-01 00:00:00 UTC,141.1837465,42018890337,2213933968,SOL
2021-10-02 00:00:00 UTC,161.3740295,47883980397,4217104529,SOL
2021-10-03 00:00:00 UTC,169.2088438,50355827428,3290801786,SOL
2021-10-04 00:00:00 UTC,172.8558702,51567116629,2990394712,SOL
2021-10-05 00:00:00 UTC,167.8779097,50072719494,3108612675,SOL
2021-10-06 00:00:00 UTC,164.3692764,49008643390,2550034959,SOL
2021-10-07 00:00:00 UTC,154.0946236,46002942256,3216047717,SOL
2021-10-08 00:00:00 UTC,154.2598851,46145608848,2469488735,SOL
2021-10-09 00:00:00 UTC,158.9146111,47345863610,2714913213,SOL
2021-10-10 00:00:00 UTC,157.3354214,47177850270,1421850536,SOL
2021-10-11 00:00:00 UTC,147.6962728,44343249688,1495896607,SOL
2021-10-12 00:00:00 UTC,144.8591079,43203031420,1718475615,SOL
2021-10-13 00:00:00 UTC,152.0007883,45622740432,2766260744,SOL
2021-10-14 00:00:00 UTC,148.392054,44499473672,1975667394,SOL
2021-10-15 00:00:00 UTC,150.0913632,45052609322,1912976982,SOL
2021-10-16 00:00:00 UTC,162.9821748,48823858407,3892259613,SOL
2021-10-17 00:00:00 UTC,158.2737029,47599650302,1481556354,SOL
2021-10-18 00:00:00 UTC,159.863492,47919023512,2132944252,SOL
2021-10-19 00:00:00 UTC,157.3753249,47243856330,1619036320,SOL
2021-10-20 00:00:00 UTC,156.3906806,46992561228,1345983825,SOL
2021-10-21 00:00:00 UTC,175.6019563,52336972845,3069126856,SOL
2021-10-22 00:00:00 UTC,189.0593189,56745796682,6298926456,SOL
2021-10-23 00:00:00 UTC,197.8338997,59570438796,6789555147,SOL
2021-10-24 00:00:00 UTC,198.3069523,59635176949,2951218516,SOL
2021-10-25 00:00:00 UTC,203.165289,60949072513,3114589452,SOL
2021-10-26 00:00:00 UTC,211.1908015,63765586638,4469234352,SOL
2021-10-27 00:00:00 UTC,199.7501139,60474514073,3052799573,SOL
2021-10-28 00:00:00 UTC,183.5427496,55282416869,4812686988,SOL
2021-10-29 00:00:00 UTC,195.0862597,58664473683,3385641009,SOL
2021-10-30 00:00:00 UTC,199.7845325,60296944148,2703331791,SOL
2021-10-31 00:00:00 UTC,193.3378537,58207049318,1651079244,SOL
2021-11-01 00:00:00 UTC,202.3914472,61090424896,2508960378,SOL
2021-11-02 00:00:00 UTC,203.8142078,61206174446,3098391562,SOL
2021-11-03 00:00:00 UTC,220.6538115,65196157015,2953101041,SOL
2021-11-04 00:00:00 UTC,242.0461419,72820184829,5949095156,SOL
2021-11-05 00:00:00 UTC,249.0628857,74509034095,4457165321,SOL
2021-11-06 00:00:00 UTC,237.8894614,71642292584,2814464971,SOL
2021-11-07 00:00:00 UTC,259.2395583,77427308372,3906155466,SOL
2021-11-08 00:00:00 UTC,250.3647932,75738472891,2644011982,SOL
2021-11-09 00:00:00 UTC,248.8224987,75445282061,3223918133,SOL
2021-11-10 00:00:00 UTC,239.4204267,72453801810,2681222975,SOL
2021-11-11 00:00:00 UTC,233.0736698,70391383039,3800891476,SOL
2021-11-12 00:00:00 UTC,234.8643324,71231238188,2618456168,SOL
2021-11-13 00:00:00 UTC,229.3985573,69321107451,2941595137,SOL
2021-11-14 00:00:00 UTC,241.3348005,72948327032,2171331102,SOL
2021-11-15 00:00:00 UTC,239.5144725,72218517508,1611356877,SOL
2021-11-16 00:00:00 UTC,238.7646275,72198022030,2359326722,SOL
2021-11-17 00:00:00 UTC,220.0976416,66832143638,3508776790,SOL
2021-11-18 00:00:00 UTC,219.1055553,66086823808,2879294187,SOL
2021-11-19 00:00:00 UTC,195.0785066,59087558121,3731836545,SOL
2021-11-20 00:00:00 UTC,215.8349442,65296328677,3291840770,SOL
2021-11-21 00:00:00 UTC,218.3293997,66281609248,1870041532,SOL
2021-11-22 00:00:00 UTC,232.4411456,71043502688,2555181056,SOL
2021-11-23 00:00:00 UTC,216.3990068,65724676692,3174537422,SOL
2021-11-24 00:00:00 UTC,222.0981582,67490798261,2144049180,SOL
2021-11-25 00:00:00 UTC,205.5486528,62457339768,2339653646,SOL
2021-11-26 00:00:00 UTC,209.7921519,63900196618,2227843775,SOL
2021-11-27 00:00:00 UTC,192.1474262,58390912498,3216471568,SOL
2021-11-28 00:00:00 UTC,192.1361998,58410646819,1351630152,SOL
2021-11-29 00:00:00 UTC,200.4614195,61094490230,1935383257,SOL
2021-11-30 00:00:00 UTC,204.3504233,62325150549,2007398409,SOL
2021-12-01 00:00:00 UTC,208.7055891,63510180678,2697160308,SOL
2021-12-02 00:00:00 UTC,229.448724,70172175383,3392086055,SOL
2021-12-03 00:00:00 UTC,232.5722278,71252377814,3994513449,SOL
2021-12-04 00:00:00 UTC,212.1338853,65135413411,3755641183,SOL
2021-12-05 00:00:00 UTC,200.9413104,61293686195,5616789175,SOL
2021-12-06 00:00:00 UTC,196.5689471,59802410642,3228917299,SOL
2021-12-07 00:00:00 UTC,193.8917319,59370079865,3396199570,SOL
2021-12-08 00:00:00 UTC,190.3725711,58418632346,2433284110,SOL
2021-12-09 00:00:00 UTC,194.3011686,59595483461,2194875795,SOL
2021-12-10 00:00:00 UTC,181.7515802,56181625087,1858809299,SOL
2021-12-11 00:00:00 UTC,169.4610705,52395376112,1946102466,SOL
2021-12-12 00:00:00 UTC,171.8445647,52819332275,1791152661,SOL
2021-12-13 00:00:00 UTC,173.7351134,53334889636,1094395903,SOL
2021-12-14 00:00:00 UTC,155.0848977,47995350984,2372386156,SOL
2021-12-15 00:00:00 UTC,161.0601856,49398872819,2156901492,SOL
2021-12-16 00:00:00 UTC,178.2619338,54610048507,3458991299,SOL
2021-12-17 00:00:00 UTC,176.8055847,54368442495,2454635867,SOL
2021-12-18 00:00:00 UTC,175.7906384,54006293233,2355530732,SOL
2021-12-19 00:00:00 UTC,182.970567,56393839315,1440763837,SOL
2021-12-20 00:00:00 UTC,179.9383988,55790507174,1441246078,SOL
2021-12-21 00:00:00 UTC,174.3711587,54061922630,1718453799,SOL
2021-12-22 00:00:00 UTC,180.1260192,55570757138,1539489579,SOL
2021-12-23 00:00:00 UTC,178.5739815,55058052155,1635078521,SOL
2021-12-24 00:00:00 UTC,190.5121593,58709806077,1932687191,SOL
2021-12-25 00:00:00 UTC,190.4403687,58852086815,1997417409,SOL
2021-12-26 00:00:00 UTC,193.2892539,59797071722,1257985155,SOL
2021-12-27 00:00:00 UTC,198.1974013,61198787208,1747475953,SOL
2021-12-28 00:00:00 UTC,196.0391794,60810349840,1631730024,SOL
2021-12-29 00:00:00 UTC,178.2976992,55425780679,2541804766,SOL
2021-12-30 00:00:00 UTC,171.2723146,52726687301,1935535240,SOL
2021-12-31 00:00:00 UTC,172.5088944,53261290660,1379259730,SOL
2022-01-01 00:00:00 UTC,170.1966083,52907181306,1380634374,SOL
2022-01-02 00:00:00 UTC,178.8887976,55089640249,960138212.5,SOL
2022-01-03 00:00:00 UTC,176.3214999,54604426219,846802662.9,SOL
2022-01-04 00:00:00 UTC,170.5708389,52886550471,1152100392,SOL
2022-01-05 00:00:00 UTC,168.0394849,52272480718,1361207424,SOL
2022-01-06 00:00:00 UTC,155.7167066,48184360964,1980976065,SOL
2022-01-07 00:00:00 UTC,150.7236247,46854691786,1922945443,SOL
2022-01-08 00:00:00 UTC,136.6133086,42610750949,2713161095,SOL
2022-01-09 00:00:00 UTC,142.3769149,44680435604,2495097583,SOL
2022-01-10 00:00:00 UTC,140.9706902,43844556063,1383486991,SOL
2022-01-11 00:00:00 UTC,135.9821528,42320546842,1797340432,SOL
2022-01-12 00:00:00 UTC,140.2633692,43823867476,1407732234,SOL
2022-01-13 00:00:00 UTC,151.9222538,47534063483,2048461630,SOL
2022-01-14 00:00:00 UTC,146.8991625,45924153329,1972169297,SOL
2022-01-15 00:00:00 UTC,146.3128364,45849250868,1627092110,SOL
2022-01-16 00:00:00 UTC,147.70351,46337099651,1003160677,SOL
2022-01-17 00:00:00 UTC,147.9423677,46450557289,1064526626,SOL
2022-01-18 00:00:00 UTC,140.0483724,44032309574,1342939698,SOL
2022-01-19 00:00:00 UTC,141.6341441,44575080931,1327500384,SOL
2022-01-20 00:00:00 UTC,135.5936205,42848572759,1310094891,SOL
2022-01-21 00:00:00 UTC,128.5694845,40727678847,1371674053,SOL
2022-01-22 00:00:00 UTC,111.7754279,35070043877,3853056390,SOL
2022-01-23 00:00:00 UTC,94.51541078,29665575896,4095835933,SOL
2022-01-24 00:00:00 UTC,99.69162217,31290905179,2611991895,SOL
2022-01-25 00:00:00 UTC,91.91541132,28909954628,4359827043,SOL
2022-01-26 00:00:00 UTC,95.09282864,30084800206,2614011846,SOL
2022-01-27 00:00:00 UTC,92.24801292,29243771848,2847753595,SOL
2022-01-28 00:00:00 UTC,89.60158614,28179557561,2421524797,SOL
2022-01-29 00:00:00 UTC,91.42580268,28786945734,1882874787,SOL
2022-01-30 00:00:00 UTC,96.17869128,30216232719,1478946858,SOL
2022-01-31 00:00:00 UTC,93.40252903,29427732657,941974724.4,SOL
2022-02-01 00:00:00 UTC,99.88984754,31354693277,1715569711,SOL
2022-02-02 00:00:00 UTC,110.1273233,34784263657,3097993267,SOL
2022-02-03 00:00:00 UTC,101.8292165,31975373922,2979450303,SOL
2022-02-04 00:00:00 UTC,100.8783203,31833368520,2283972524,SOL
2022-02-05 00:00:00 UTC,112.4807952,35127905585,2844877286,SOL
2022-02-06 00:00:00 UTC,114.3331541,36087037718,2104149884,SOL
2022-02-07 00:00:00 UTC,115.2834781,36521264719,1281443041,SOL
2022-02-08 00:00:00 UTC,117.6718731,37305112917,2230152723,SOL
2022-02-09 00:00:00 UTC,113.6974555,36125330680,2354525278,SOL
2022-02-10 00:00:00 UTC,114.3435874,36294064610,1634212051,SOL
2022-02-11 00:00:00 UTC,106.4181026,33826915837,1963719800,SOL
2022-02-12 00:00:00 UTC,96.46324431,30597070580,1738208639,SOL
2022-02-13 00:00:00 UTC,95.70003429,30347618773,1336515340,SOL
2022-02-14 00:00:00 UTC,93.36714505,29672733161,910049119.2,SOL
2022-02-15 00:00:00 UTC,96.44224243,30784741417,1364915627,SOL
2022-02-16 00:00:00 UTC,104.8506967,33579862334,1630619496,SOL
2022-02-17 00:00:00 UTC,101.9561326,32707737720,1473078677,SOL
2022-02-18 00:00:00 UTC,93.40452358,29918359231,1463178693,SOL
2022-02-19 00:00:00 UTC,90.10899056,28828455912,1290677353,SOL
2022-02-20 00:00:00 UTC,91.60559214,29209068299,836883423.9,SOL
2022-02-21 00:00:00 UTC,90.80316642,29261491190,1428521632,SOL
2022-02-22 00:00:00 UTC,83.14387141,26727888651,2247461490,SOL
2022-02-23 00:00:00 UTC,86.57269723,27744256746,1577877587,SOL
2022-02-24 00:00:00 UTC,85.26903088,27294663662,1761310724,SOL
2022-02-25 00:00:00 UTC,89.05132727,28497445445,4075674087,SOL
2022-02-26 00:00:00 UTC,92.73641557,29919961866,2417499270,SOL
2022-02-27 00:00:00 UTC,90.10798522,28767659414,1316252928,SOL
2022-02-28 00:00:00 UTC,85.56819667,27360038516,1559328417,SOL
2022-03-01 00:00:00 UTC,99.579174,31846087893,2674553479,SOL
2022-03-02 00:00:00 UTC,98.75845248,31569373572,2476563020,SOL
2022-03-03 00:00:00 UTC,100.7898652,32379126079,2951039199,SOL
2022-03-04 00:00:00 UTC,95.55882629,30435232238,1795535827,SOL
2022-03-05 00:00:00 UTC,88.24516285,28319787093,2029343357,SOL
2022-03-06 00:00:00 UTC,89.78895189,28439402259,1164108659,SOL
2022-03-07 00:00:00 UTC,84.63923584,26835926882,1139246888,SOL
2022-03-08 00:00:00 UTC,82.06724919,26300808793,1884457927,SOL
2022-03-09 00:00:00 UTC,82.25360674,26425486648,1704061421,SOL
2022-03-10 00:00:00 UTC,88.18505284,28509710713,2082131364,SOL
2022-03-11 00:00:00 UTC,83.02500802,26526485356,1706781764,SOL
2022-03-12 00:00:00 UTC,80.69121367,26163052143,1382838751,SOL
2022-03-13 00:00:00 UTC,81.60999773,26366084285,776192786.1,SOL
2022-03-14 00:00:00 UTC,78.998182,25452866391,949636517.7,SOL
2022-03-15 00:00:00 UTC,81.16870195,26140341334,1317770720,SOL
2022-03-16 00:00:00 UTC,82.94439064,26592730954,1247125823,SOL
2022-03-17 00:00:00 UTC,87.84993508,27984951681,1872435776,SOL
2022-03-18 00:00:00 UTC,87.96768776,28483850000,1939375410,SOL
2022-03-19 00:00:00 UTC,89.90595375,28795996369,2216690010,SOL
2022-03-20 00:00:00 UTC,92.40408532,29598406487,1493437229,SOL
2022-03-21 00:00:00 UTC,88.59618802,28394223140,954767656,SOL
2022-03-22 00:00:00 UTC,88.77017295,28382479439,1145750669,SOL
2022-03-23 00:00:00 UTC,90.50413587,29048148956,1405727754,SOL
2022-03-24 00:00:00 UTC,94.91975845,30612053299,1433431549,SOL
2022-03-25 00:00:00 UTC,102.1802283,32979523333,2412096877,SOL
2022-03-26 00:00:00 UTC,98.64674268,31980590349,1817213991,SOL
2022-03-27 00:00:00 UTC,101.6412104,33176556213,1009509747,SOL
2022-03-28 00:00:00 UTC,106.9098497,34802243173,1301984880,SOL
2022-03-29 00:00:00 UTC,106.2400189,34753559142,2396330998,SOL
2022-03-30 00:00:00 UTC,111.7464465,36192035879,2434694053,SOL
2022-03-31 00:00:00 UTC,120.6985422,39218225945,3208462667,SOL
2022-04-01 00:00:00 UTC,122.7613042,40036171559,3421557222,SOL
2022-04-02 00:00:00 UTC,134.3709279,43736096534,3831716307,SOL
2022-04-03 00:00:00 UTC,132.265544,43260457424,2989201593,SOL
2022-04-04 00:00:00 UTC,136.6745408,44426659282,2277967481,SOL
2022-04-05 00:00:00 UTC,132.3449837,43072219170,2483670638,SOL
2022-04-06 00:00:00 UTC,126.6056805,41374924384,2136267271,SOL
2022-04-07 00:00:00 UTC,112.5290255,36929750315,3198015613,SOL
2022-04-08 00:00:00 UTC,118.6883951,38892547342,2381088467,SOL
2022-04-09 00:00:00 UTC,109.6914877,35663008070,2314898911,SOL
2022-04-10 00:00:00 UTC,113.0064561,37007525657,1201163544,SOL
2022-04-11 00:00:00 UTC,112.1741597,36884144377,1163112954,SOL
2022-04-12 00:00:00 UTC,99.45252532,32731502385,2180410357,SOL
2022-04-13 00:00:00 UTC,103.503035,33941121650,2285179235,SOL
2022-04-14 00:00:00 UTC,104.8444769,34394710742,1533589775,SOL
2022-04-15 00:00:00 UTC,100.7392384,33098172134,1652768960,SOL
2022-04-16 00:00:00 UTC,101.3472787,33734041429,1039846461,SOL
2022-04-17 00:00:00 UTC,102.3119259,34194983211,753838887.4,SOL
2022-04-18 00:00:00 UTC,100.4425981,33314012331,1010545062,SOL
2022-04-19 00:00:00 UTC,102.2653514,34026715047,1645729151,SOL
2022-04-20 00:00:00 UTC,108.541047,36133130810,1691707373,SOL
2022-04-21 00:00:00 UTC,105.5952607,35158424199,1664918522,SOL
2022-04-22 00:00:00 UTC,101.8028817,33918138037,1757789783,SOL
2022-04-23 00:00:00 UTC,100.6391402,33613226147,1204999234,SOL
2022-04-24 00:00:00 UTC,100.7647933,33668501951,778991677.7,SOL
2022-04-25 00:00:00 UTC,99.17128671,33192811337,819713309.5,SOL
2022-04-26 00:00:00 UTC,101.2934426,33812175574,1553588587,SOL
2022-04-27 00:00:00 UTC,95.71302247,31900244698,1216992669,SOL
2022-04-28 00:00:00 UTC,98.36784489,32839728895,1141929424,SOL
2022-04-29 00:00:00 UTC,98.00485094,32699186204,1172675513,SOL
2022-04-30 00:00:00 UTC,94.0948408,31459421205,1226739530,SOL
2022-05-01 00:00:00 UTC,85.30298356,28318851859,1165702569,SOL
2022-05-02 00:00:00 UTC,89.73834617,30026659598,1353041269,SOL
2022-05-03 00:00:00 UTC,87.60498513,29293697486,1159472393,SOL
2022-05-04 00:00:00 UTC,85.88113183,28715318660,948338116.7,SOL
2022-05-05 00:00:00 UTC,92.82061835,30994771500,1327465205,SOL
2022-05-06 00:00:00 UTC,84.62182697,28284214619,1637132125,SOL
2022-05-07 00:00:00 UTC,81.76031251,27380670119,1446023145,SOL
2022-05-08 00:00:00 UTC,79.19098012,26603063058,1090782917,SOL
2022-05-09 00:00:00 UTC,74.9224113,25191538889,1351838826,SOL
2022-05-10 00:00:00 UTC,63.59080375,21563497317,2515612886,SOL
2022-05-11 00:00:00 UTC,66.73197492,22405510213,3263209053,SOL
2022-05-12 00:00:00 UTC,50.32055765,16302314327,3882793179,SOL
2022-05-13 00:00:00 UTC,44.6490716,15038211406,3786283031,SOL
2022-05-14 00:00:00 UTC,48.60474974,16446880064,2460641109,SOL
2022-05-15 00:00:00 UTC,52.53693017,17710082184,1495503986,SOL
2022-05-16 00:00:00 UTC,58.84520718,19795956495,1436230716,SOL
2022-05-17 00:00:00 UTC,53.64872756,18091955634,1827404198,SOL
2022-05-18 00:00:00 UTC,57.41976646,19373241293,1508263415,SOL
2022-05-19 00:00:00 UTC,49.76196638,16804431124,1511110401,SOL
2022-05-20 00:00:00 UTC,52.33226407,17743141449,1653750850,SOL
2022-05-21 00:00:00 UTC,49.58463231,16857955014,1528688330,SOL
2022-05-22 00:00:00 UTC,50.34352259,17117178968,834922127.3,SOL
2022-05-23 00:00:00 UTC,52.76740051,17927983077,907949758.6,SOL
2022-05-24 00:00:00 UTC,49.12044024,16667943417,1478212938,SOL
2022-05-25 00:00:00 UTC,49.63679897,16838184203,1373294087,SOL
2022-05-26 00:00:00 UTC,48.05613485,16335715467,1161803908,SOL
2022-05-27 00:00:00 UTC,43.5469224,14806873946,2324631757,SOL
2022-05-28 00:00:00 UTC,40.99753816,13886425336,2080433059,SOL
2022-05-29 00:00:00 UTC,44.46481244,15147901019,1266578193,SOL
2022-05-30 00:00:00 UTC,44.92918554,15240706244,1285770589,SOL
2022-05-31 00:00:00 UTC,47.19388053,16054338780,1756204402,SOL
2022-06-01 00:00:00 UTC,45.97177875,15607744325,1569957000,SOL
2022-06-02 00:00:00 UTC,40.24040841,13719294295,1528211460,SOL
2022-06-03 00:00:00 UTC,40.88986124,13925500009,1645018557,SOL
2022-06-04 00:00:00 UTC,38.27578861,12945160667,1353892685,SOL
2022-06-05 00:00:00 UTC,38.97751186,13170913880,1126087087,SOL
2022-06-06 00:00:00 UTC,38.46322507,13116723565,1070849320,SOL
2022-06-07 00:00:00 UTC,42.41060098,14456497792,2033441074,SOL
2022-06-08 00:00:00 UTC,39.54988118,13508568426,1810983947,SOL
2022-06-09 00:00:00 UTC,38.84247541,13274452699,1249666785,SOL
2022-06-10 00:00:00 UTC,39.96829396,13674820596,1272667344,SOL
2022-06-11 00:00:00 UTC,37.08479689,12668804911,1271100605,SOL
2022-06-12 00:00:00 UTC,33.80738842,11572660692,1218255701,SOL
2022-06-13 00:00:00 UTC,30.74322702,10608680978,1436075943,SOL
2022-06-14 00:00:00 UTC,28.19296639,9406103236,2782439336,SOL
2022-06-15 00:00:00 UTC,29.71678759,10187884853,2251274075,SOL
2022-06-16 00:00:00 UTC,34.48808081,11709149277,2629566358,SOL
2022-06-17 00:00:00 UTC,30.07068349,10245461840,1921578627,SOL
2022-06-18 00:00:00 UTC,30.8727205,10611942138,1356441012,SOL
2022-06-19 00:00:00 UTC,31.81920871,10801954807,1985976665,SOL
2022-06-20 00:00:00 UTC,34.19205503,11668548379,2107037438,SOL
2022-06-21 00:00:00 UTC,35.46904236,12160553284,2113624516,SOL
2022-06-22 00:00:00 UTC,36.13937945,12360022352,1722909852,SOL
2022-06-23 00:00:00 UTC,34.2301259,11762783423,1510462543,SOL
2022-06-24 00:00:00 UTC,38.21182319,13147607751,1701452303,SOL
2022-06-25 00:00:00 UTC,42.47722028,14600518798,1721984761,SOL
2022-06-26 00:00:00 UTC,42.38637314,14506227736,1289448180,SOL
2022-06-27 00:00:00 UTC,39.49844176,13523527665,1153549985,SOL
2022-06-28 00:00:00 UTC,38.50106936,13201680175,1122612571,SOL
2022-06-29 00:00:00 UTC,35.32603359,12087889411,1243120766,SOL
2022-06-30 00:00:00 UTC,33.91501146,11618504834,1300629590,SOL
2022-07-01 00:00:00 UTC,33.31459553,11335169280,1194361731,SOL
2022-07-02 00:00:00 UTC,33.03847781,11439454289,1323586235,SOL
2022-07-03 00:00:00 UTC,33.42207503,11471587893,649702017.3,SOL
2022-07-04 00:00:00 UTC,33.44782702,11480814254,567550823.1,SOL
2022-07-05 00:00:00 UTC,36.77949394,12596079600,986918298.2,SOL
2022-07-06 00:00:00 UTC,35.32196887,12138245305,1434571719,SOL
2022-07-07 00:00:00 UTC,37.09265793,12734796276,1290650060,SOL
2022-07-08 00:00:00 UTC,38.54666435,13277309360,1133093192,SOL
2022-07-09 00:00:00 UTC,38.59442944,13380490032,1426352674,SOL
2022-07-10 00:00:00 UTC,38.06013313,13134459004,623415737.8,SOL
2022-07-11 00:00:00 UTC,36.7267359,12680872340,648503659.1,SOL
2022-07-12 00:00:00 UTC,33.50915025,11600411536,789921907.7,SOL
2022-07-13 00:00:00 UTC,32.81893154,11406193663,821873017.5,SOL
2022-07-14 00:00:00 UTC,34.94649868,12072416721,1220534707,SOL
2022-07-15 00:00:00 UTC,37.17597728,12850093050,1328292764,SOL
2022-07-16 00:00:00 UTC,37.44045111,12938130582,1325304480,SOL
2022-07-17 00:00:00 UTC,39.60146831,13666217564,1064139739,SOL
2022-07-18 00:00:00 UTC,38.62422665,13432332941,1087710893,SOL
2022-07-19 00:00:00 UTC,43.68127821,14864108116,1523091936,SOL
2022-07-20 00:00:00 UTC,44.92662577,15517487196,2407640203,SOL
2022-07-21 00:00:00 UTC,42.19129439,14654904730,2006723914,SOL
2022-07-22 00:00:00 UTC,43.18589353,14946518783,1862704596,SOL
2022-07-23 00:00:00 UTC,40.57509236,14004906062,1394893425,SOL
2022-07-24 00:00:00 UTC,40.12586568,13860175821,992235932.5,SOL
2022-07-25 00:00:00 UTC,40.98522629,14275526155,868436701.4,SOL
2022-07-26 00:00:00 UTC,36.700212,12694337923,1165279221,SOL
2022-07-27 00:00:00 UTC,36.22818165,12538834972,1096644463,SOL
2022-07-28 00:00:00 UTC,40.29544931,14009415149,1502670728,SOL
2022-07-29 00:00:00 UTC,42.83121277,14829428737,1933182890,SOL
2022-07-30 00:00:00 UTC,42.13988872,14752480667,1636823550,SOL
2022-07-31 00:00:00 UTC,43.80347391,15135249028,1727836477,SOL
2022-08-01 00:00:00 UTC,42.48000309,14746724189,1063136071,SOL
2022-08-02 00:00:00 UTC,41.70142771,14458934770,992134330.5,SOL
2022-08-03 00:00:00 UTC,40.21202814,14143900211,1118387778,SOL
2022-08-04 00:00:00 UTC,38.63406307,13359558186,2172402131,SOL
2022-08-05 00:00:00 UTC,38.94463728,13471456882,1243098511,SOL
2022-08-06 00:00:00 UTC,40.49691747,13995005582,1158100841,SOL
2022-08-07 00:00:00 UTC,40.17551021,13910405478,656059617.2,SOL
2022-08-08 00:00:00 UTC,40.64621985,14115646955,582195945,SOL
2022-08-09 00:00:00 UTC,42.15682314,14696098301,1163065597,SOL
2022-08-10 00:00:00 UTC,40.49015736,14091576297,874683627.6,SOL
2022-08-11 00:00:00 UTC,42.2957804,14682953331,1417788636,SOL
2022-08-12 00:00:00 UTC,42.75287042,14901555484,1782051840,SOL
2022-08-13 00:00:00 UTC,45.34052505,15769739254,1081174401,SOL
2022-08-14 00:00:00 UTC,46.62762819,16242663928,1223890252,SOL
2022-08-15 00:00:00 UTC,44.97769928,15707019257,1000632053,SOL
2022-08-16 00:00:00 UTC,43.90258123,15322661205,1018586521,SOL
2022-08-17 00:00:00 UTC,43.25208387,15065562430,1075537996,SOL
2022-08-18 00:00:00 UTC,40.55628554,14161164134,1249877706,SOL
2022-08-19 00:00:00 UTC,39.61889487,13863255687,824971812.1,SOL
2022-08-20 00:00:00 UTC,35.98979543,12530469534,1786764403,SOL
2022-08-21 00:00:00 UTC,35.23183017,12256688441,1200537394,SOL
2022-08-22 00:00:00 UTC,36.53272408,12815310875,991224706.6,SOL
2022-08-23 00:00:00 UTC,35.48979518,12352579321,1122987608,SOL
2022-08-24 00:00:00 UTC,35.70506472,12481061525,827899999.1,SOL
2022-08-25 00:00:00 UTC,34.98161284,12227264266,908130561.8,SOL
2022-08-26 00:00:00 UTC,35.34736654,12346020470,656358314,SOL
2022-08-27 00:00:00 UTC,31.78642233,11046201722,1248900621,SOL
2022-08-28 00:00:00 UTC,31.63923192,11052608205,698084660.9,SOL
2022-08-29 00:00:00 UTC,30.63070825,10721767532,505611658.5,SOL
2022-08-30 00:00:00 UTC,32.46762261,11387115688,829387148.7,SOL
2022-08-31 00:00:00 UTC,31.46046207,11032381033,846296043.2,SOL
2022-09-01 00:00:00 UTC,31.45350187,10982002955,710498153,SOL
2022-09-02 00:00:00 UTC,31.62752045,11037789631,654715113.9,SOL
2022-09-03 00:00:00 UTC,31.1964677,10904364506,627140311.6,SOL
2022-09-04 00:00:00 UTC,31.0762601,10881773798,287508158.3,SOL
2022-09-05 00:00:00 UTC,32.1449244,11245569490,370560789.7,SOL
2022-09-06 00:00:00 UTC,32.21580983,11264121878,511686055.8,SOL
2022-09-07 00:00:00 UTC,30.93257106,10834953198,1208999754,SOL
2022-09-08 00:00:00 UTC,32.75240078,11595827258,796019433,SOL
2022-09-09 00:00:00 UTC,33.60651305,11847628651,927246036.4,SOL
2022-09-10 00:00:00 UTC,34.70744693,12244442277,1098697449,SOL
2022-09-11 00:00:00 UTC,35.15110409,12419481831,675183558.1,SOL
2022-09-12 00:00:00 UTC,34.90471667,12331013775,712287832,SOL
2022-09-13 00:00:00 UTC,37.34461621,13183798412,1608877259,SOL
2022-09-14 00:00:00 UTC,33.05973267,11697896820,1685408590,SOL
2022-09-15 00:00:00 UTC,34.07101052,12027439275,938917179.6,SOL
2022-09-16 00:00:00 UTC,33.06424838,11742374386,1035640343,SOL
2022-09-17 00:00:00 UTC,32.18223308,11380713338,728064867.9,SOL
2022-09-18 00:00:00 UTC,33.76184564,11970489830,477780407.4,SOL
2022-09-19 00:00:00 UTC,31.08875047,11014413847,652419202.9,SOL
2022-09-20 00:00:00 UTC,32.71343099,11598805637,963739018.8,SOL
2022-09-21 00:00:00 UTC,31.4054935,11136148382,798987431.2,SOL
2022-09-22 00:00:00 UTC,30.82514946,10920166915,1180925646,SOL
2022-09-23 00:00:00 UTC,32.4679174,11489637349,833383661.6,SOL
2022-09-24 00:00:00 UTC,33.71195119,11974606499,969718528.5,SOL
2022-09-25 00:00:00 UTC,33.50387895,11877506512,821677077.6,SOL
2022-09-26 00:00:00 UTC,32.32786924,11474712536,576312106.4,SOL
2022-09-27 00:00:00 UTC,33.85239531,11924970586,908933850,SOL
2022-09-28 00:00:00 UTC,32.76612156,11669868173,1221276544,SOL
2022-09-29 00:00:00 UTC,33.30329996,11817378026,958564795.8,SOL
2022-09-30 00:00:00 UTC,33.93599567,12066578262,949323509.4,SOL
2022-10-01 00:00:00 UTC,33.24966352,11808862838,1166717016,SOL
2022-10-02 00:00:00 UTC,32.45579082,11538414123,475812174.3,SOL
2022-10-03 00:00:00 UTC,32.09702549,11395149008,518124769.2,SOL
2022-10-04 00:00:00 UTC,32.9839333,11735344820,621968802,SOL
2022-10-05 00:00:00 UTC,34.12979146,12125352216,692957762,SOL
2022-10-06 00:00:00 UTC,34.09322258,12104501989,641193220.7,SOL
2022-10-07 00:00:00 UTC,33.33775389,11847564338,670556864.4,SOL
2022-10-08 00:00:00 UTC,32.91839238,11692923623,672974282.7,SOL
2022-10-09 00:00:00 UTC,32.60000089,11634868896,351714131.8,SOL
2022-10-10 00:00:00 UTC,32.90519327,11733010113,394694049.4,SOL
2022-10-11 00:00:00 UTC,31.96971298,11448167354,630989029.3,SOL
2022-10-12 00:00:00 UTC,30.78828822,10986691634,720050451.3,SOL
2022-10-13 00:00:00 UTC,31.14122415,11138186204,481852424.8,SOL
2022-10-14 00:00:00 UTC,30.58269364,10936034777,1268002434,SOL
2022-10-15 00:00:00 UTC,30.03589922,10723795928,800163983,SOL
2022-10-16 00:00:00 UTC,29.57674364,10608095633,545155338.8,SOL
2022-10-17 00:00:00 UTC,30.16691102,10784111501,598450021.2,SOL
2022-10-18 00:00:00 UTC,31.24475237,11181494599,643752962.7,SOL
2022-10-19 00:00:00 UTC,30.20117255,10820701607,685750091.6,SOL
2022-10-20 00:00:00 UTC,28.89683789,10362112405,721536356.1,SOL
2022-10-21 00:00:00 UTC,28.06621768,10052442947,853073860.6,SOL
2022-10-22 00:00:00 UTC,28.10622424,10070949099,1004074185,SOL
2022-10-23 00:00:00 UTC,28.02334388,10044295676,488911345.4,SOL
2022-10-24 00:00:00 UTC,29.23668869,10480620513,670006995.1,SOL
2022-10-25 00:00:00 UTC,28.27000913,10121680743,739684192.5,SOL
2022-10-26 00:00:00 UTC,30.94126247,11077575224,1346256625,SOL
2022-10-27 00:00:00 UTC,31.28258585,11203611591,1240751125,SOL
2022-10-28 00:00:00 UTC,30.64534002,11016715358,1179536962,SOL
2022-10-29 00:00:00 UTC,32.11387303,11523992959,1011210916,SOL
2022-10-30 00:00:00 UTC,32.839447,11775325292,1095984787,SOL
2022-10-31 00:00:00 UTC,32.90718816,11772898716,704167456.3,SOL
2022-11-01 00:00:00 UTC,32.60126939,11727290548,1142703751,SOL
2022-11-02 00:00:00 UTC,32.24101117,11588937674,1299519863,SOL
2022-11-03 00:00:00 UTC,30.78836856,11076265329,1780701025,SOL
2022-11-04 00:00:00 UTC,30.82660044,11061246430,1419473858,SOL
2022-11-05 00:00:00 UTC,33.78843206,12137630163,2002856946,SOL
2022-11-06 00:00:00 UTC,36.71840211,13202283372,3501844330,SOL
2022-11-07 00:00:00 UTC,32.77319825,11783689545,2458440631,SOL
2022-11-08 00:00:00 UTC,29.5493172,10655109387,3400112554,SOL
2022-11-09 00:00:00 UTC,24.22811066,8815290465,5868071366,SOL
2022-11-10 00:00:00 UTC,14.00407006,5120135552,4375833759,SOL
2022-11-11 00:00:00 UTC,17.83559802,6419997388,4179359302,SOL
2022-11-12 00:00:00 UTC,16.62539194,5963504847,2174804310,SOL
2022-11-13 00:00:00 UTC,14.70548018,5331217055,770041818.9,SOL
2022-11-14 00:00:00 UTC,13.25255722,4816392214,782848284.1,SOL
2022-11-15 00:00:00 UTC,14.09661544,5121041157,1300493081,SOL
2022-11-16 00:00:00 UTC,14.35523918,5205583202,811376855.6,SOL
2022-11-17 00:00:00 UTC,14.35561933,5186877452,478085250.7,SOL
2022-11-18 00:00:00 UTC,13.6648684,4954608939,651561392.8,SOL
2022-11-19 00:00:00 UTC,13.29763114,4831754495,343052461.9,SOL
2022-11-20 00:00:00 UTC,12.88468162,4683383043,300941946.4,SOL
2022-11-21 00:00:00 UTC,12.34545378,4470695233,487321298.8,SOL
2022-11-22 00:00:00 UTC,11.9181341,4319145656,484804704.1,SOL
2022-11-23 00:00:00 UTC,12.43518958,4530165524,523436176.5,SOL
2022-11-24 00:00:00 UTC,14.41547582,5242384046,846044003.9,SOL
2022-11-25 00:00:00 UTC,14.5925039,5295975306,618848577.8,SOL
2022-11-26 00:00:00 UTC,14.07560537,5120779702,360308376.6,SOL
2022-11-27 00:00:00 UTC,14.16518922,5142450539,375214637,SOL
2022-11-28 00:00:00 UTC,14.10642831,5138320694,255763021.8,SOL
2022-11-29 00:00:00 UTC,13.34310298,4848821246,503946286.3,SOL
2022-11-30 00:00:00 UTC,13.37408533,4865903267,298911192.2,SOL
2022-12-01 00:00:00 UTC,14.14710484,5160133743,302419321.5,SOL
2022-12-02 00:00:00 UTC,13.50918141,4905910344,268679954.1,SOL
2022-12-03 00:00:00 UTC,13.76546321,5000690503,285026800.3,SOL
2022-12-04 00:00:00 UTC,13.33439707,4863696934,197683828.2,SOL
2022-12-05 00:00:00 UTC,13.77680996,5008063959,173958273.4,SOL
2022-12-06 00:00:00 UTC,13.87360844,5053925413,383499016.8,SOL
2022-12-07 00:00:00 UTC,14.29770788,5195420303,333400205.4,SOL
2022-12-08 00:00:00 UTC,13.53682603,4939250222,272839148.6,SOL
2022-12-09 00:00:00 UTC,13.69315435,5016573039,236384884.1,SOL
2022-12-10 00:00:00 UTC,13.61294225,4985978111,257533932.2,SOL
2022-12-11 00:00:00 UTC,13.58588106,4967608679,123957064.3,SOL
2022-12-12 00:00:00 UTC,13.43947529,4920995809,132233094.8,SOL
2022-12-13 00:00:00 UTC,13.32395678,4889774457,250950456.3,SOL
2022-12-14 00:00:00 UTC,13.82805931,5067860068,388863061.3,SOL
2022-12-15 00:00:00 UTC,14.14913261,5187094165,531056515.2,SOL
2022-12-16 00:00:00 UTC,13.994455,5134598270,320493477.5,SOL
2022-12-17 00:00:00 UTC,12.27226283,4487828855,416039758.1,SOL
2022-12-18 00:00:00 UTC,12.52581507,4589791879,277076734.5,SOL
2022-12-19 00:00:00 UTC,12.41658046,4577684411,127947868,SOL
2022-12-20 00:00:00 UTC,11.93566235,4386451839,240138137.9,SOL
2022-12-21 00:00:00 UTC,12.28054982,4505699074,203088901,SOL
2022-12-22 00:00:00 UTC,12.11942878,4442285590,189500696.9,SOL
2022-12-23 00:00:00 UTC,11.79471229,4304981640,205996063.6,SOL
2022-12-24 00:00:00 UTC,11.80055494,4327532616,177437763.4,SOL
2022-12-25 00:00:00 UTC,11.47031969,4207271980,226479857.5,SOL
2022-12-26 00:00:00 UTC,11.40096665,4185139947,112713128.4,SOL
2022-12-27 00:00:00 UTC,11.30130647,4147178331,151024935.7,SOL
2022-12-28 00:00:00 UTC,11.0803489,4063717881,260619507.5,SOL
2022-12-29 00:00:00 UTC,9.770824846,3585609636,524688006.4,SOL
2022-12-30 00:00:00 UTC,9.59779522,3537484125,838317810.2,SOL
2022-12-31 00:00:00 UTC,9.888231244,3630516626,996392621.6,SOL
2023-01-01 00:00:00 UTC,9.961462943,3663707630,328903351.5,SOL
2023-01-02 00:00:00 UTC,9.973949403,3670345898,220369604.5,SOL
2023-01-03 00:00:00 UTC,11.26637743,4150541190,612350127.5,SOL
2023-01-04 00:00:00 UTC,13.35539239,4897985571,1332758654,SOL
2023-01-05 00:00:00 UTC,13.4562927,4953205510,1282105635,SOL
2023-01-06 00:00:00 UTC,13.43848018,4943576397,597269711.8,SOL
2023-01-07 00:00:00 UTC,13.52449342,4984816084,488298544.7,SOL
2023-01-08 00:00:00 UTC,13.08890415,4837378851,206848508.9,SOL
2023-01-09 00:00:00 UTC,14.36607115,5151917608,641916931.2,SOL
2023-01-10 00:00:00 UTC,16.30229978,6031956017,1889438468,SOL
2023-01-11 00:00:00 UTC,16.20319361,6001548953,854036815.5,SOL
2023-01-12 00:00:00 UTC,16.46340403,6106281178,749738092.7,SOL
2023-01-13 00:00:00 UTC,16.61574769,6160624328,948123277.6,SOL
2023-01-14 00:00:00 UTC,18.27973459,6767551967,1221076768,SOL
2023-01-15 00:00:00 UTC,24.30286202,9066218090,4130184711,SOL
2023-01-16 00:00:00 UTC,22.83752329,8465167530,1967106482,SOL
2023-01-17 00:00:00 UTC,23.58595195,8762954565,1775938541,SOL
2023-01-18 00:00:00 UTC,22.88158744,8525510205,1033549762,SOL
2023-01-19 00:00:00 UTC,20.85763435,7710048712,1543991743,SOL
2023-01-20 00:00:00 UTC,21.41456003,7934995923,898504341.3,SOL
2023-01-21 00:00:00 UTC,25.57583487,9489394202,1527407711,SOL
2023-01-22 00:00:00 UTC,24.66528659,9143727539,2096626033,SOL
2023-01-23 00:00:00 UTC,24.2718349,9004757973,970991825.3,SOL
2023-01-24 00:00:00 UTC,24.42662802,9057978593,917151760.5,SOL
2023-01-25 00:00:00 UTC,22.78934008,8470454668,855305584.5,SOL
2023-01-26 00:00:00 UTC,24.66040315,9151912233,1389562423,SOL
2023-01-27 00:00:00 UTC,24.36322902,9052529628,811737989.7,SOL
2023-01-28 00:00:00 UTC,24.41374757,9066608035,702646248.5,SOL
2023-01-29 00:00:00 UTC,23.98617581,8888774938,522601581.7,SOL
2023-01-30 00:00:00 UTC,26.17767636,9723380871,1086841730,SOL
2023-01-31 00:00:00 UTC,23.96333534,8894199458,1111636437,SOL
2023-02-01 00:00:00 UTC,23.96139132,8896873316,636667495,SOL
2023-02-02 00:00:00 UTC,24.98330584,9295594682,1017077834,SOL
2023-02-03 00:00:00 UTC,24.31948996,9062290852,1066576081,SOL
2023-02-04 00:00:00 UTC,24.686497,9209669775,781139212.1,SOL
2023-02-05 00:00:00 UTC,24.35202066,9084646377,350243684.4,SOL
2023-02-06 00:00:00 UTC,23.51363191,8775453234,638580954.9,SOL
2023-02-07 00:00:00 UTC,22.71695247,8463616399,463322357.9,SOL
2023-02-08 00:00:00 UTC,23.90420986,8928209652,707393494.2,SOL
2023-02-09 00:00:00 UTC,23.20655514,8681217221,581769819.5,SOL
2023-02-10 00:00:00 UTC,20.43768298,7674814945,808728417.7,SOL
2023-02-11 00:00:00 UTC,20.12384393,7582538972,684166038.5,SOL
2023-02-12 00:00:00 UTC,20.84493733,7825374947,278031093.5,SOL
2023-02-13 00:00:00 UTC,21.44076791,8057257218,544548720.8,SOL
2023-02-14 00:00:00 UTC,20.78474471,7804126002,723121578,SOL
2023-02-15 00:00:00 UTC,21.84521832,8222948441,850945955.6,SOL
2023-02-16 00:00:00 UTC,23.88919594,8975776575,831022310.7,SOL
2023-02-17 00:00:00 UTC,22.34460085,8400837292,956362734.3,SOL
2023-02-18 00:00:00 UTC,23.19397076,8757810458,666303722.3,SOL
2023-02-19 00:00:00 UTC,23.45134176,8864240991,411412105.7,SOL
2023-02-20 00:00:00 UTC,24.81053403,9416249238,1082089934,SOL
2023-02-21 00:00:00 UTC,26.03500765,9849428455,1528181095,SOL
2023-02-22 00:00:00 UTC,24.92100976,9410006572,971104096,SOL
2023-02-23 00:00:00 UTC,24.17008034,9148040151,1006550896,SOL
2023-02-24 00:00:00 UTC,23.92438703,9024298204,617535605.2,SOL
2023-02-25 00:00:00 UTC,23.0583527,8723841538,649161438.4,SOL
2023-02-26 00:00:00 UTC,22.41035441,8461125692,582781483.1,SOL
2023-02-27 00:00:00 UTC,23.23091307,8789815700,447765032.4,SOL
2023-02-28 00:00:00 UTC,22.69357814,8589782941,515693154.2,SOL
2023-03-01 00:00:00 UTC,21.91575068,8278729499,353854572.7,SOL
2023-03-02 00:00:00 UTC,22.50579765,8530663780,368841392.1,SOL
2023-03-03 00:00:00 UTC,21.97401656,8328272222,331963626.3,SOL
2023-03-04 00:00:00 UTC,21.40676923,8106249845,498070582.6,SOL
2023-03-05 00:00:00 UTC,20.95553467,7946564768,254558509.4,SOL
2023-03-06 00:00:00 UTC,21.00257068,8013062335,269435912.7,SOL
2023-03-07 00:00:00 UTC,20.63096433,7891217439,325982714.8,SOL
2023-03-08 00:00:00 UTC,20.27274216,7742957403,397969144.7,SOL
2023-03-09 00:00:00 UTC,18.42791643,7066726944,654065004.8,SOL
2023-03-10 00:00:00 UTC,17.33306212,6615095595,817533089,SOL
2023-03-11 00:00:00 UTC,18.21269819,7004462520,988470037,SOL
2023-03-12 00:00:00 UTC,18.06848161,6928931921,671121164.9,SOL
2023-03-13 00:00:00 UTC,20.33815688,7755318676,766795515.8,SOL
2023-03-14 00:00:00 UTC,20.37708065,7821977633,1115385621,SOL
2023-03-15 00:00:00 UTC,20.97993476,8029661086,1216812986,SOL
2023-03-16 00:00:00 UTC,19.33640003,7414057337,891834503.7,SOL
2023-03-17 00:00:00 UTC,19.83281186,7607669118,505612447,SOL
2023-03-18 00:00:00 UTC,21.64462764,8298944866,746567229.3,SOL
2023-03-19 00:00:00 UTC,21.31746257,8167246753,984171481.1,SOL
2023-03-20 00:00:00 UTC,22.02211123,8495353256,671444269.2,SOL
2023-03-21 00:00:00 UTC,22.32202408,8570996251,1214980639,SOL
2023-03-22 00:00:00 UTC,22.74020635,8718952338,725964027.6,SOL
2023-03-23 00:00:00 UTC,21.57806807,8277163932,914736383,SOL
2023-03-24 00:00:00 UTC,22.30615532,8543484776,538469214.2,SOL
2023-03-25 00:00:00 UTC,20.77377095,7977960408,635693408.7,SOL
2023-03-26 00:00:00 UTC,20.59369886,7901578024,387073479.4,SOL
2023-03-27 00:00:00 UTC,20.98228938,8079229951,326327791.3,SOL
2023-03-28 00:00:00 UTC,19.95754021,7655291926,406232834.8,SOL
2023-03-29 00:00:00 UTC,20.49934052,7878765558,400868517.6,SOL
2023-03-30 00:00:00 UTC,21.13233391,8122141676,422168351.8,SOL
2023-03-31 00:00:00 UTC,20.57440478,7919320174,532520991,SOL
2023-04-01 00:00:00 UTC,21.20540185,8194996259,415947399.7,SOL
2023-04-02 00:00:00 UTC,21.08350022,8133720020,251948585.4,SOL
2023-04-03 00:00:00 UTC,20.56543937,7929638196,250939723.3,SOL
2023-04-04 00:00:00 UTC,20.4366903,7900168641,529752910.7,SOL
2023-04-05 00:00:00 UTC,20.92110064,8093519489,348472966.8,SOL
2023-04-06 00:00:00 UTC,20.98237436,8139780743,361878192.6,SOL
2023-04-07 00:00:00 UTC,20.60900253,7980951368,271953094.8,SOL
2023-04-08 00:00:00 UTC,20.4837853,7945861961,208769926.1,SOL
2023-04-09 00:00:00 UTC,20.0425813,7779827679,229345793.3,SOL
2023-04-10 00:00:00 UTC,20.30433669,7886462398,195652671.4,SOL
2023-04-11 00:00:00 UTC,20.87512315,8111384994,243051082.8,SOL
2023-04-12 00:00:00 UTC,23.00565469,9019417673,1081779112,SOL
2023-04-13 00:00:00 UTC,23.83053267,9350156510,1370531368,SOL
2023-04-14 00:00:00 UTC,24.42771025,9566762973,666066820.1,SOL
2023-04-15 00:00:00 UTC,24.773714,9705804479,825834920.6,SOL
2023-04-16 00:00:00 UTC,24.07608697,9451805831,387945854,SOL
2023-04-17 00:00:00 UTC,25.29576468,9920073717,514890126.2,SOL
2023-04-18 00:00:00 UTC,24.58247227,9623598169,910595768.7,SOL
2023-04-19 00:00:00 UTC,24.82883196,9739599132,558944406,SOL
2023-04-20 00:00:00 UTC,22.66921835,8903451125,974039298.9,SOL
2023-04-21 00:00:00 UTC,22.17878507,8697671637,712597030,SOL
2023-04-22 00:00:00 UTC,21.25632998,8333890309,527655622.2,SOL
2023-04-23 00:00:00 UTC,21.85149833,8584446324,249197740.8,SOL
2023-04-24 00:00:00 UTC,21.49927295,8420199212,348355516.9,SOL
2023-04-25 00:00:00 UTC,21.38812362,8399117357,401676853.1,SOL
2023-04-26 00:00:00 UTC,21.93961247,8617142936,409777211.7,SOL
2023-04-27 00:00:00 UTC,21.25624753,8354008435,778775424.1,SOL
2023-04-28 00:00:00 UTC,22.33786402,8756193577,588617917.5,SOL
2023-04-29 00:00:00 UTC,23.37481819,9208471390,571324657.2,SOL
2023-04-30 00:00:00 UTC,23.12840167,9092156212,419332790.8,SOL
2023-05-01 00:00:00 UTC,22.99832162,9057154980,425241774.7,SOL
2023-05-02 00:00:00 UTC,22.00748575,8651811980,505839771.4,SOL
2023-05-03 00:00:00 UTC,22.26282466,8773546966,326717891.1,SOL
2023-05-04 00:00:00 UTC,22.21964186,8762010270,493483012.2,SOL
2023-05-05 00:00:00 UTC,21.74180097,8571042187,330851121.9,SOL
2023-05-06 00:00:00 UTC,22.81860623,8999007584,495492869.3,SOL
2023-05-07 00:00:00 UTC,21.98670641,8661587001,387964991.3,SOL
2023-05-08 00:00:00 UTC,22.00245229,8705466134,341580978.6,SOL
2023-05-09 00:00:00 UTC,20.65668464,8146997992,647060628.3,SOL
2023-05-10 00:00:00 UTC,20.65698117,8164794904,318980321,SOL
2023-05-11 00:00:00 UTC,20.97570463,8287539920,525984506.5,SOL
2023-05-12 00:00:00 UTC,20.25440267,8015037357,428549097.4,SOL
2023-05-13 00:00:00 UTC,20.9201623,8274505086,397702422.4,SOL
2023-05-14 00:00:00 UTC,20.89958267,8297710532,252119905.4,SOL
2023-05-15 00:00:00 UTC,20.93696154,8280978191,211874592.4,SOL
2023-05-16 00:00:00 UTC,21.03774829,8316882670,339745928.1,SOL
2023-05-17 00:00:00 UTC,20.68621272,8187913902,338232379,SOL
2023-05-18 00:00:00 UTC,21.05820536,8341868800,332798485.5,SOL
2023-05-19 00:00:00 UTC,20.34519579,8061536789,325479692.2,SOL
2023-05-20 00:00:00 UTC,20.35152685,8059779104,159063269,SOL
2023-05-21 00:00:00 UTC,20.26968481,8022997472,129666227.9,SOL
2023-05-22 00:00:00 UTC,19.63080078,7783712426,236865558,SOL
2023-05-23 00:00:00 UTC,19.55876279,7749799386,245317080.6,SOL
2023-05-24 00:00:00 UTC,20.04690939,7940043369,293341170.1,SOL
2023-05-25 00:00:00 UTC,19.21432313,7619548993,317110913.7,SOL
2023-05-26 00:00:00 UTC,19.2561447,7626215765,231050352.9,SOL
2023-05-27 00:00:00 UTC,19.36699951,7676617784,181186113.2,SOL
2023-05-28 00:00:00 UTC,20.4052316,8089935112,209249088.7,SOL
2023-05-29 00:00:00 UTC,20.81512282,8259241872,319936574.8,SOL
2023-05-30 00:00:00 UTC,20.57365784,8162528825,263476675.9,SOL
2023-05-31 00:00:00 UTC,21.2483874,8420948536,390015607.6,SOL
2023-06-01 00:00:00 UTC,20.82042687,8253719265,264038937.4,SOL
2023-06-02 00:00:00 UTC,20.51288856,8135209556,229620969,SOL
2023-06-03 00:00:00 UTC,21.25712617,8440560224,262878676,SOL
2023-06-04 00:00:00 UTC,21.14820627,8395562286,159566542.2,SOL
2023-06-05 00:00:00 UTC,21.86975012,8705745044,372653389.3,SOL
2023-06-06 00:00:00 UTC,20.08249726,7993273614,663116037.1,SOL
2023-06-07 00:00:00 UTC,20.39931637,8102758545,490820422,SOL
2023-06-08 00:00:00 UTC,18.64940911,7429398032,412771478.3,SOL
2023-06-09 00:00:00 UTC,18.91886786,7533243369,295929574.3,SOL
2023-06-10 00:00:00 UTC,17.31985205,6890419608,511958399.1,SOL
2023-06-11 00:00:00 UTC,15.71229103,6262620812,1409006890,SOL
2023-06-12 00:00:00 UTC,15.55216572,6191248338,495437299,SOL
2023-06-13 00:00:00 UTC,15.21912144,6067764743,431328719.3,SOL
2023-06-14 00:00:00 UTC,14.99608414,5975770710,403335228,SOL
2023-06-15 00:00:00 UTC,14.51189132,5789069977,327310831.8,SOL
2023-06-16 00:00:00 UTC,14.74177483,5880524858,371929576.7,SOL
2023-06-17 00:00:00 UTC,15.30565284,6109552126,256057658.2,SOL
2023-06-18 00:00:00 UTC,15.62635427,6246219927,218008809.3,SOL
2023-06-19 00:00:00 UTC,15.43448523,6170109455,155673889.4,SOL
2023-06-20 00:00:00 UTC,16.03876225,6382655003,150009939.4,SOL
2023-06-21 00:00:00 UTC,16.6251434,6629964494,248748774.3,SOL
2023-06-22 00:00:00 UTC,17.26320209,6903161332,315268431.9,SOL
2023-06-23 00:00:00 UTC,16.64539258,6663990155,295506781.4,SOL
2023-06-24 00:00:00 UTC,17.10092759,6825331676,328345333.9,SOL
2023-06-25 00:00:00 UTC,16.63062758,6642182123,235858972.6,SOL
2023-06-26 00:00:00 UTC,16.96011971,6785842637,212892011.9,SOL
2023-06-27 00:00:00 UTC,16.2840128,6497000674,246629750.1,SOL
2023-06-28 00:00:00 UTC,16.6040875,6626087423,232332350,SOL
2023-06-29 00:00:00 UTC,15.99642474,6403600623,301702745.2,SOL
2023-06-30 00:00:00 UTC,17.9984398,7187331653,635900925.9,SOL
2023-07-01 00:00:00 UTC,18.93035985,7567998784,828667787,SOL
2023-07-02 00:00:00 UTC,18.6127697,7437496982,280718699.6,SOL
2023-07-03 00:00:00 UTC,19.44673333,7792444090,474851803.8,SOL
2023-07-04 00:00:00 UTC,19.20521438,7700930946,280766166.7,SOL
2023-07-05 00:00:00 UTC,19.21895887,7724902370,303069428.6,SOL
2023-07-06 00:00:00 UTC,18.97215111,7619692720,234904855.4,SOL
2023-07-07 00:00:00 UTC,19.91904778,8013479115,849101386.5,SOL
2023-07-08 00:00:00 UTC,21.43877643,8609626132,827536919.6,SOL
2023-07-09 00:00:00 UTC,21.89670111,8804631486,596483861.2,SOL
2023-07-10 00:00:00 UTC,21.35139738,8595004421,364524219.8,SOL
2023-07-11 00:00:00 UTC,21.30264713,8559664093,508301719.1,SOL
2023-07-12 00:00:00 UTC,22.06823399,8875741131,431275744.9,SOL
2023-07-13 00:00:00 UTC,21.9976278,8862665910,553660968.1,SOL
2023-07-14 00:00:00 UTC,25.99036847,10410892786,1191586018,SOL
2023-07-15 00:00:00 UTC,26.70837143,10743046575,2112669369,SOL
2023-07-16 00:00:00 UTC,27.35137594,11015911503,1182553641,SOL
2023-07-17 00:00:00 UTC,27.36508,11002094755,747993415.9,SOL
2023-07-18 00:00:00 UTC,26.86179804,10816613437,1008258072,SOL
2023-07-19 00:00:00 UTC,25.52617639,10269805534,690701365.2,SOL
2023-07-20 00:00:00 UTC,26.35331168,10633423775,591575595.5,SOL
2023-07-21 00:00:00 UTC,25.33506932,10227156125,586428471.6,SOL
2023-07-22 00:00:00 UTC,25.58951,10346698671,426785949.9,SOL
2023-07-23 00:00:00 UTC,24.45678468,9872947825,325886121.2,SOL
2023-07-24 00:00:00 UTC,24.77370351,10018814299,345569811.4,SOL
2023-07-25 00:00:00 UTC,23.42263357,9455689036,517091585.4,SOL
2023-07-26 00:00:00 UTC,23.26771663,9395875459,362056307.6,SOL
2023-07-27 00:00:00 UTC,25.15198784,10171319431,682755887.4,SOL
2023-07-28 00:00:00 UTC,25.09348805,10151894149,493788462.6,SOL
2023-07-29 00:00:00 UTC,24.82580397,10051629239,354454915,SOL
2023-07-30 00:00:00 UTC,25.16504797,10178962394,266002736.6,SOL
2023-07-31 00:00:00 UTC,24.26678436,9816173591,354202895,SOL
2023-08-01 00:00:00 UTC,23.75665878,9604285335,401006374,SOL
2023-08-02 00:00:00 UTC,23.92554656,9663629339,433930052.9,SOL
2023-08-03 00:00:00 UTC,23.13481266,9376125922,426945357.7,SOL
2023-08-04 00:00:00 UTC,22.65445194,9178003135,375514604.6,SOL
2023-08-05 00:00:00 UTC,22.80992032,9237548520,387384158.2,SOL
2023-08-06 00:00:00 UTC,22.62509187,9155491619,256370671.1,SOL
2023-08-07 00:00:00 UTC,23.16031151,9384285772,338171013.5,SOL
2023-08-08 00:00:00 UTC,23.05200018,9344630842,386012925.8,SOL
2023-08-09 00:00:00 UTC,24.20381682,9819635413,561549883.4,SOL
2023-08-10 00:00:00 UTC,24.38461025,9894698836,458039680.5,SOL
2023-08-11 00:00:00 UTC,24.61887321,9982518849,352124557.4,SOL
2023-08-12 00:00:00 UTC,24.57980986,9969763673,337807060.8,SOL
2023-08-13 00:00:00 UTC,24.89181907,10095650764,277306903.1,SOL
2023-08-14 00:00:00 UTC,24.22329401,9839554743,278182091.4,SOL
2023-08-15 00:00:00 UTC,25.14772488,10211324983,388025853.5,SOL
2023-08-16 00:00:00 UTC,23.87564132,9697572471,452521516.5,SOL
2023-08-17 00:00:00 UTC,22.8463677,9300306072,495294920.8,SOL
2023-08-18 00:00:00 UTC,21.6469618,8833375790,656412528.2,SOL
2023-08-19 00:00:00 UTC,21.33019624,8681695609,412220153.7,SOL
2023-08-20 00:00:00 UTC,21.87833024,8915137095,254181454.3,SOL
2023-08-21 00:00:00 UTC,21.7475371,8865949897,199999876.2,SOL
2023-08-22 00:00:00 UTC,21.20210915,8654520275,350405754.3,SOL
2023-08-23 00:00:00 UTC,20.55389206,8370856986,424951194.9,SOL
2023-08-24 00:00:00 UTC,21.67255853,8838275066,427963737.7,SOL
2023-08-25 00:00:00 UTC,21.02615202,8571674305,333451385.7,SOL
2023-08-26 00:00:00 UTC,20.39283453,8310249527,282555497.4,SOL
2023-08-27 00:00:00 UTC,20.27381527,8261560411,152284092.6,SOL
2023-08-28 00:00:00 UTC,20.78118714,8479951512,188402423.5,SOL
2023-08-29 00:00:00 UTC,20.56254014,8388087450,220500272.4,SOL
2023-08-30 00:00:00 UTC,21.75688982,8863938814,532103194,SOL
2023-08-31 00:00:00 UTC,20.84093889,8515043631,325877638.4,SOL
2023-09-01 00:00:00 UTC,19.73118602,8053897660,400346096.9,SOL
2023-09-02 00:00:00 UTC,19.33938754,7901833889,315356701.1,SOL
2023-09-03 00:00:00 UTC,19.46854294,7955183284,211960136.4,SOL
2023-09-04 00:00:00 UTC,19.57639006,8013423697,180893228.9,SOL
2023-09-05 00:00:00 UTC,19.49190583,7962785356,252214726.7,SOL
2023-09-06 00:00:00 UTC,20.27046238,8282664539,411485050.1,SOL
2023-09-07 00:00:00 UTC,19.62503443,8025176937,337212061.3,SOL
2023-09-08 00:00:00 UTC,19.8878865,8138224259,268560276.6,SOL
2023-09-09 00:00:00 UTC,19.595985,8024651916,241627736.9,SOL
2023-09-10 00:00:00 UTC,19.44047978,7988672928,113878317.5,SOL
2023-09-11 00:00:00 UTC,18.24155998,7496074227,555163596.9,SOL
2023-09-12 00:00:00 UTC,17.70512986,7268358215,400434707.4,SOL
2023-09-13 00:00:00 UTC,17.94444618,7368626584,389593246.3,SOL
2023-09-14 00:00:00 UTC,18.40357335,7551673475,390062108,SOL
2023-09-15 00:00:00 UTC,18.82990059,7743475446,369004294.8,SOL
2023-09-16 00:00:00 UTC,19.17312183,7883263121,220573537.5,SOL
2023-09-17 00:00:00 UTC,19.12690279,7864717943,148168222.6,SOL
2023-09-18 00:00:00 UTC,18.80311282,7720289270,124252102.7,SOL
2023-09-19 00:00:00 UTC,19.64014703,8081231238,352014217.1,SOL
2023-09-20 00:00:00 UTC,20.04209873,8242770208,290189000.3,SOL
2023-09-21 00:00:00 UTC,20.2872479,8357683265,262866309.9,SOL
2023-09-22 00:00:00 UTC,19.47011769,8032276838,292386180,SOL
2023-09-23 00:00:00 UTC,19.43772652,8027260379,202514150.7,SOL
2023-09-24 00:00:00 UTC,19.47116415,8029339260,118397178.5,SOL
2023-09-25 00:00:00 UTC,19.35175207,7984839330,127718771.4,SOL
2023-09-26 00:00:00 UTC,19.39488105,8001387575,185810718.6,SOL
2023-09-27 00:00:00 UTC,19.01708702,7853875935,206867879.9,SOL
2023-09-28 00:00:00 UTC,19.12786529,7889113032,240306166.1,SOL
2023-09-29 00:00:00 UTC,19.9462033,8237778277,292672978,SOL
2023-09-30 00:00:00 UTC,20.29416136,8380719360,261043004.4,SOL
2023-10-01 00:00:00 UTC,21.38705243,8834603607,378177852.7,SOL
2023-10-02 00:00:00 UTC,23.88149631,9910925872,718136084.2,SOL
2023-10-03 00:00:00 UTC,23.40994676,9664238003,761548241.1,SOL
2023-10-04 00:00:00 UTC,23.54663657,9737914093,741310161.2,SOL
2023-10-05 00:00:00 UTC,23.14279024,9569979651,493664590.5,SOL
2023-10-06 00:00:00 UTC,22.71991697,9392479524,397587747.1,SOL
2023-10-07 00:00:00 UTC,23.43163795,9685255630,496792045.7,SOL
2023-10-08 00:00:00 UTC,23.29382029,9647364228,318412075.9,SOL
2023-10-09 00:00:00 UTC,23.24916669,9627275562,235111764.9,SOL
2023-10-10 00:00:00 UTC,22.11144636,9168609907,400926255.7,SOL
2023-10-11 00:00:00 UTC,22.10708097,9168430060,273654373.9,SOL
2023-10-12 00:00:00 UTC,21.96097231,9129830090,316248781.2,SOL
2023-10-13 00:00:00 UTC,21.26544011,8859183056,314816782.2,SOL
2023-10-14 00:00:00 UTC,21.82647376,9083240237,310146737.4,SOL
2023-10-15 00:00:00 UTC,22.00456614,9161744653,202215870,SOL
2023-10-16 00:00:00 UTC,21.9162317,9125622304,204660747.4,SOL
2023-10-17 00:00:00 UTC,23.98138194,10055584865,806897436.6,SOL
2023-10-18 00:00:00 UTC,23.97105612,9983521265,581667581.4,SOL
2023-10-19 00:00:00 UTC,23.43405778,9758507266,429121366.3,SOL
2023-10-20 00:00:00 UTC,24.94267666,10349453105,770082609.3,SOL
2023-10-21 00:00:00 UTC,27.03455791,11290615049,1036997953,SOL
2023-10-22 00:00:00 UTC,29.35557334,12239407592,1290662077,SOL
2023-10-23 00:00:00 UTC,29.02138704,12075671558,768780749.3,SOL
2023-10-24 00:00:00 UTC,31.73658327,13367364109,1754698377,SOL
2023-10-25 00:00:00 UTC,30.13399493,12604514717,1555849835,SOL
2023-10-26 00:00:00 UTC,32.40532309,13543276726,1583606743,SOL
2023-10-27 00:00:00 UTC,32.71431713,13696100439,1151811977,SOL
2023-10-28 00:00:00 UTC,31.76543443,13322929646,991685345.9,SOL
2023-10-29 00:00:00 UTC,31.64680767,13270979229,452735014.9,SOL
2023-10-30 00:00:00 UTC,32.81601052,13747282668,597456716.1,SOL
2023-10-31 00:00:00 UTC,34.95699301,14656591733,1159874552,SOL
2023-11-01 00:00:00 UTC,38.48164731,16146331429,1785301824,SOL
2023-11-02 00:00:00 UTC,41.41420828,17362282923,3959223019,SOL
2023-11-03 00:00:00 UTC,40.14603359,16915834783,2642794308,SOL
2023-11-04 00:00:00 UTC,39.51759751,16590657428,1711810106,SOL
2023-11-05 00:00:00 UTC,42.24723967,17774131285,1481652151,SOL
2023-11-06 00:00:00 UTC,41.24303597,17327989798,875312405.7,SOL
2023-11-07 00:00:00 UTC,42.09354075,17633401516,1060320192,SOL
2023-11-08 00:00:00 UTC,43.1099204,18118371837,1827584302,SOL
2023-11-09 00:00:00 UTC,43.24925748,18224254869,1063279033,SOL
2023-11-10 00:00:00 UTC,45.35805433,19039251762,2968223146,SOL
2023-11-11 00:00:00 UTC,56.67275174,23890974567,3690042342,SOL
2023-11-12 00:00:00 UTC,56.46969151,23802514066,4048826273,SOL
2023-11-13 00:00:00 UTC,55.96301542,23626834466,2834634629,SOL
2023-11-14 00:00:00 UTC,52.21016127,22071829320,2938768161,SOL
2023-11-15 00:00:00 UTC,56.847244,24025150540,3136578715,SOL
2023-11-16 00:00:00 UTC,65.4211825,27523565135,3841779027,SOL
2023-11-17 00:00:00 UTC,57.8593655,24454321067,3893498755,SOL
2023-11-18 00:00:00 UTC,58.08749906,24667662890,3253569218,SOL
2023-11-19 00:00:00 UTC,58.43785105,24711969044,2007825166,SOL
2023-11-20 00:00:00 UTC,61.4682209,26038968869,2011969091,SOL
2023-11-21 00:00:00 UTC,56.38756122,23837278052,2046131780,SOL
2023-11-22 00:00:00 UTC,52.03847144,22095435189,2457528360,SOL
2023-11-23 00:00:00 UTC,57.63985489,24392491443,2055159909,SOL
2023-11-24 00:00:00 UTC,56.62568194,23970546238,1373270433,SOL
2023-11-25 00:00:00 UTC,56.87305815,24061449316,1165085857,SOL
2023-11-26 00:00:00 UTC,58.81319665,24902981175,1170624892,SOL
2023-11-27 00:00:00 UTC,57.65563041,24415212865,905466988.5,SOL
2023-11-28 00:00:00 UTC,55.12228633,23317839078,1272604085,SOL
2023-11-29 00:00:00 UTC,58.21650838,24600212079,1455818631,SOL
2023-11-30 00:00:00 UTC,59.13238407,25088888783,2011099345,SOL
2023-12-01 00:00:00 UTC,59.17998718,25108803752,1302914768,SOL
2023-12-02 00:00:00 UTC,59.82358486,25352598328,1458566131,SOL
2023-12-03 00:00:00 UTC,63.54188842,26881444685,1384599877,SOL
2023-12-04 00:00:00 UTC,63.01699564,26766190167,1376347107,SOL
2023-12-05 00:00:00 UTC,61.5512593,26112261420,2239941715,SOL
2023-12-06 00:00:00 UTC,60.90256089,25906943015,1689507438,SOL
2023-12-07 00:00:00 UTC,62.23204453,26519800255,3018024425,SOL
2023-12-08 00:00:00 UTC,67.69386461,28837571557,3087225478,SOL
2023-12-09 00:00:00 UTC,74.84216402,31939635292,3651681520,SOL
2023-12-10 00:00:00 UTC,72.42222407,30868914480,2990090049,SOL
2023-12-11 00:00:00 UTC,74.42357981,31639909292,1933934507,SOL
2023-12-12 00:00:00 UTC,70.20241559,29912836737,3839992455,SOL
2023-12-13 00:00:00 UTC,68.52923871,29261837475,2426662308,SOL
2023-12-14 00:00:00 UTC,70.73839653,30236312485,2532486875,SOL
2023-12-15 00:00:00 UTC,75.65588801,32382885128,2496513421,SOL
2023-12-16 00:00:00 UTC,72.61814383,31160870072,2696772683,SOL
2023-12-17 00:00:00 UTC,73.38959657,31406371760,1841818464,SOL
2023-12-18 00:00:00 UTC,71.09304613,30373366927,1557234023,SOL
2023-12-19 00:00:00 UTC,74.34092712,31797760803,2363667922,SOL
2023-12-20 00:00:00 UTC,72.61144991,31049007031,1948577967,SOL
2023-12-21 00:00:00 UTC,82.0985259,35036559621,3820149653,SOL
2023-12-22 00:00:00 UTC,93.93807649,40139662989,4904778954,SOL
2023-12-23 00:00:00 UTC,98.07800224,41936984906,5239342314,SOL
2023-12-24 00:00:00 UTC,107.6398172,46067150224,3932338835,SOL
2023-12-25 00:00:00 UTC,112.4483584,48130186349,6224138353,SOL
2023-12-26 00:00:00 UTC,121.4465933,51905964256,5738514622,SOL
2023-12-27 00:00:00 UTC,112.3255161,47816051843,4346114224,SOL
2023-12-28 00:00:00 UTC,106.9770541,45769688225,4238903992,SOL
2023-12-29 00:00:00 UTC,102.2538248,43945886274,4586529583,SOL
2023-12-30 00:00:00 UTC,106.2525607,45547782244,4343029162,SOL
2023-12-31 00:00:00 UTC,101.9888354,43785435165,1833433847,SOL
2024-01-01 00:00:00 UTC,101.3331784,43557642383,1774875787,SOL
2024-01-02 00:00:00 UTC,109.4440816,47006338489,2214023278,SOL
2024-01-03 00:00:00 UTC,106.6631735,45770111069,3809986338,SOL
2024-01-04 00:00:00 UTC,98.61862563,42416625922,5263410469,SOL
2024-01-05 00:00:00 UTC,104.8407815,45108341842,3262980619,SOL
2024-01-06 00:00:00 UTC,99.79527781,43005412147,2955669962,SOL
2024-01-07 00:00:00 UTC,93.67595831,40341046149,2220640085,SOL
2024-01-08 00:00:00 UTC,88.92454619,38353496896,2189403802,SOL
2024-01-09 00:00:00 UTC,97.65874169,42169330332,3950758921,SOL
2024-01-10 00:00:00 UTC,98.75151373,42627288796,3871179261,SOL
2024-01-11 00:00:00 UTC,102.4134818,44241372073,3865165740,SOL
2024-01-12 00:00:00 UTC,99.9859088,43224396746,4022331020,SOL
2024-01-13 00:00:00 UTC,91.49974929,39503238770,2734892250,SOL
2024-01-14 00:00:00 UTC,95.63334727,41338579661,1873558892,SOL
2024-01-15 00:00:00 UTC,94.11863591,40910904033,2580600236,SOL
2024-01-16 00:00:00 UTC,94.39674016,40853886227,1779198447,SOL
2024-01-17 00:00:00 UTC,97.55676427,42218185005,1816203365,SOL
2024-01-18 00:00:00 UTC,101.5012596,43918459382,3218955061,SOL
2024-01-19 00:00:00 UTC,94.28013187,40824171090,2756021291,SOL
2024-01-20 00:00:00 UTC,93.32520106,40338377669,2760699292,SOL
2024-01-21 00:00:00 UTC,92.589764,40089978741,1256377866,SOL
2024-01-22 00:00:00 UTC,91.16235591,39512481021,908792093.1,SOL
2024-01-23 00:00:00 UTC,83.43623261,36111047577,2814098815,SOL
2024-01-24 00:00:00 UTC,84.09771205,36311461849,2987147103,SOL
2024-01-25 00:00:00 UTC,88.97403797,38534021790,2385029340,SOL
2024-01-26 00:00:00 UTC,86.98335038,37657090257,1905313727,SOL
2024-01-27 00:00:00 UTC,92.36475146,39963699731,2146548099,SOL
2024-01-28 00:00:00 UTC,94.07418621,40773572380,1252486460,SOL
2024-01-29 00:00:00 UTC,95.96656619,41598860413,2522516027,SOL
2024-01-30 00:00:00 UTC,101.4199963,44237194960,2632528657,SOL
2024-01-31 00:00:00 UTC,101.4911229,44149841778,3637727027,SOL
2024-02-01 00:00:00 UTC,96.93179951,42259374417,3873450832,SOL
2024-02-02 00:00:00 UTC,97.79003124,42590324375,3016997024,SOL
2024-02-03 00:00:00 UTC,100.4654806,43811141503,2624103346,SOL
2024-02-04 00:00:00 UTC,97.7671381,42611107982,1416764974,SOL
2024-02-05 00:00:00 UTC,95.47210966,41602993219,1353636743,SOL
2024-02-06 00:00:00 UTC,95.66801934,41727362697,1933675388,SOL
2024-02-07 00:00:00 UTC,96.91999535,42268993503,1900368063,SOL
2024-02-08 00:00:00 UTC,100.8620198,44086978409,1921482750,SOL
2024-02-09 00:00:00 UTC,102.9036686,44986092796,2458956241,SOL
2024-02-10 00:00:00 UTC,107.0340359,46821270308,3256188127,SOL
2024-02-11 00:00:00 UTC,108.9914614,47626799919,1814393080,SOL
2024-02-12 00:00:00 UTC,107.4238125,46970508599,1459554076,SOL
2024-02-13 00:00:00 UTC,112.0368182,48881521827,2920187527,SOL
2024-02-14 00:00:00 UTC,112.5991116,49200636585,2874714544,SOL
2024-02-15 00:00:00 UTC,116.9761066,51223725720,2490685230,SOL
2024-02-16 00:00:00 UTC,113.5993943,50054269104,2539535903,SOL
2024-02-17 00:00:00 UTC,110.5015506,48713273174,1882206889,SOL
2024-02-18 00:00:00 UTC,108.9285102,48116477500,1366271025,SOL
2024-02-19 00:00:00 UTC,112.2154163,49474158579,1551221254,SOL
2024-02-20 00:00:00 UTC,111.2780886,49013622667,1984160421,SOL
2024-02-21 00:00:00 UTC,108.5641208,47893142418,2872884276,SOL
2024-02-22 00:00:00 UTC,105.3426338,46454513230,2737171219,SOL
2024-02-23 00:00:00 UTC,102.0417797,44975179370,2309956160,SOL
2024-02-24 00:00:00 UTC,100.0919494,44207212470,2027797244,SOL
2024-02-25 00:00:00 UTC,104.1887259,45956101627,1441375083,SOL
2024-02-26 00:00:00 UTC,103.438624,45607368722,1203834615,SOL
2024-02-27 00:00:00 UTC,109.8450974,48479693901,2465100723,SOL
2024-02-28 00:00:00 UTC,108.1769626,47818062228,3541852280,SOL
2024-02-29 00:00:00 UTC,117.4302841,51987858811,5694262625,SOL
2024-03-01 00:00:00 UTC,125.6818168,55782452212,8070920258,SOL
2024-03-02 00:00:00 UTC,130.0470586,57670794535,5400962583,SOL
2024-03-03 00:00:00 UTC,129.8816532,57526283521,3090626520,SOL
2024-03-04 00:00:00 UTC,130.3061197,57634661053,3362221535,SOL
2024-03-05 00:00:00 UTC,133.3237156,58905211978,4456997734,SOL
2024-03-06 00:00:00 UTC,126.3911234,55994211148,9474088056,SOL
2024-03-07 00:00:00 UTC,130.6670642,57750807856,5149667738,SOL
2024-03-08 00:00:00 UTC,144.1050326,63894153487,7176946154,SOL
2024-03-09 00:00:00 UTC,145.191461,64314627609,5495476291,SOL
2024-03-10 00:00:00 UTC,144.8171485,64204155812,2989788017,SOL
2024-03-11 00:00:00 UTC,144.2577156,63915400689,3606621288,SOL
2024-03-12 00:00:00 UTC,148.7932794,65982204368,5948377808,SOL
2024-03-13 00:00:00 UTC,150.7298693,66773366688,7152600912,SOL
2024-03-14 00:00:00 UTC,163.6257965,72573154800,6106705186,SOL
2024-03-15 00:00:00 UTC,176.2229997,77993881680,9107864295,SOL
2024-03-16 00:00:00 UTC,183.9242835,81845073461,14052203542,SOL
2024-03-17 00:00:00 UTC,180.8017384,80284415527,12283471205,SOL
2024-03-18 00:00:00 UTC,202.5189119,89815964681,11964573089,SOL
2024-03-19 00:00:00 UTC,196.3452934,87207130383,12536486966,SOL
2024-03-20 00:00:00 UTC,169.5975563,75621938583,11941248035,SOL
2024-03-21 00:00:00 UTC,191.4418781,85004052599,9142062431,SOL
2024-03-22 00:00:00 UTC,179.5544644,79806198240,6102628998,SOL
2024-03-23 00:00:00 UTC,173.4556363,76738474078,4530693846,SOL
2024-03-24 00:00:00 UTC,173.4537726,77052625364,2950137170,SOL
2024-03-25 00:00:00 UTC,184.0218642,81893130320,2903673333,SOL
2024-03-26 00:00:00 UTC,188.9968547,83839327740,4384505429,SOL
2024-03-27 00:00:00 UTC,191.2361451,84838706571,4010909566,SOL
2024-03-28 00:00:00 UTC,186.1389438,82360081157,4361858281,SOL
2024-03-29 00:00:00 UTC,189.5749906,84248853021,3248950674,SOL
2024-03-30 00:00:00 UTC,192.0272659,85315571282,3453390014,SOL
2024-03-31 00:00:00 UTC,194.4810436,86396723743,3155980893,SOL
